{
  "STATUS": "SUCCESS",
    "details": {
      "ORDER_SUMMARY": [
        {
          "SUBTOTAL": "100",
          "TOTAL": "120",
          "EXTRA_CARE_REWARDS": "10",
          "TAX": "20",
          "SHIPPING_CHARGES": "10"
        }
      ],
      "SELECTED_SHIPPING_METHOD": "500",
      "AVAILABLE_SHIPPING_METHODS": [
        {
          "CODE": "500",
          "DISPLAY_VALUE": "STANDARD(4-5 Days)"
        },
        {
          "CODE": "501",
          "DISPLAY_VALUE": "PRIORITY(2-3 Days)"
        }
      ],
      "SHIPPING_RESTRICTED_INFO": {
        "RESTRICTED_SKU_LIST": [
          "123456",
          "654321"
        ]
      }
    }
}
