{
    "STATUS": "SUCCESS",
    "PROFILE": {
        "SHIPPING_ADDRESSES": [
            {
                "ADDRESS_BOOK_ID": "addr12345",
                "FIRST_NAME": "JOHN",
                "LAST_NAME": "PETER",
                "ADDRESS1": "6500 GREEN VALLEY CIRCLE",
                "ADDRESS2": "APT 323",
                "CITY": "CULVER CITY",
                "STATE": "CA",
                "ZIP": "90230",
                "PHONE_NUMBER": "424-337-3924",
                "DEFAULT_FLAG": "N"
            },
            {
                "ADDRESS_BOOK_ID": "addr12346",
                "FIRST_NAME": "JOHN",
                "LAST_NAME": "PETER",
                "ADDRESS1": "5990 GREEN VALLEY CIRCLE",
                "ADDRESS2": "",
                "CITY": "CULVER CITY",
                "STATE": "CA",
                "ZIP": "90230",
                "PHONE_NUMBER": "424-337-3924",
                "DEFAULT_FLAG": "N"
            },
            {
                "ADDRESS_BOOK_ID": "addr12347",
                "FIRST_NAME": "JOHN",
                "LAST_NAME": "PETER",
                "ADDRESS1": "110 MILL STREET",
                "ADDRESS2": "APT 203",
                "CITY": "WOONSOCKET",
                "STATE": "RI",
                "ZIP": "2895",
                "PHONE_NUMBER": "424-337-3924",
                "DEFAULT_FLAG": "Y"
            }
        ],
        "PAYMENTS": [
            {
                "PAYMENT_ID": "card12123",
                "PAYMENT_TYPE": "CC",
                "CC_LAST_4_DIGITS": "4185",
                "CARD_TYPE": "VISA",
                "EXPIRY_DATE": "08/18",
                "DEFAULT_FLAG": "N"
            },
            {
                "PAYMENT_ID": "card12124",
                "PAYMENT_TYPE": "CC",
                "CC_LAST_4_DIGITS": "2323",
                "CARD_TYPE": "MASTER",
                "EXPIRY_DATE": "09/17",
                "DEFAULT_FLAG": "Y"
            },
            {
                "PAYMENT_ID": "card12125",
                "PAYMENT_TYPE": "FSA",
                "CC_LAST_4_DIGITS": "6543",
                "CARD_TYPE": "DISCOVER",
                "EXPIRY_DATE": "09/19",
                "DEFAULT_FLAG": "Y"
            }
        ],
        "BILLING_ADDRESSES": [
            {
                "ADDRESS_BOOK_ID": "addr12345",
                "FIRST_NAME": "JOHN",
                "LAST_NAME": "PETER",
                "ADDRESS1": "6500 GREEN VALLEY CIRCLE",
                "ADDRESS2": "APT 323",
                "CITY": "CULVER CITY",
                "STATE": "CA",
                "ZIP": "90230"
            },
            {
                "ADDRESS_BOOK_ID": "addr12346",
                "FIRST_NAME": "JOHN",
                "LAST_NAME": "PETER",
                "ADDRESS1": "5990 GREEN VALLEY CIRCLE",
                "ADDRESS2": "",
                "CITY": "CULVER CITY",
                "STATE": "CA",
                "ZIP": "90230"
            },
            {
                "ADDRESS_BOOK_ID": "addr12346",
                "FIRST_NAME": "JOHN",
                "LAST_NAME": "PETER",
                "ADDRESS1": "110 MILL STREET",
                "ADDRESS2": "APT 203",
                "CITY": "WOONSOCKET",
                "STATE": "RI",
                "ZIP": "2895"
            }
        ]
    }
}