{
  "STATUS": "SUCCESS",
  "PROFILE": {
    "SHIPPING_ADDRESSES": [
      {
        "ADDRESS_BOOK_ID": "addr12345",
        "FIRST_NAME": "JOHN",
        "LAST_NAME": "PETER",
        "ADDRESS1": "6500 GREEN VALLEY CIRCLE",
        "ADDRESS2": "APT 323",
        "CITY": "CULVER CITY",
        "STATE": "CA",
        "ZIP": "90230",
        "PHONE_NUMBER": "424-337-3924",
        "DEFAULT_FLAG": "N"
      },
      {
        "ADDRESS_BOOK_ID": "addr12346",
        "FIRST_NAME": "JOHN",
        "LAST_NAME": "PETER",
        "ADDRESS1": "5990 GREEN VALLEY CIRCLE",
        "ADDRESS2": "",
        "CITY": "CULVER CITY",
        "STATE": "CA",
        "ZIP": "90230",
        "PHONE_NUMBER": "424-337-3924",
        "DEFAULT_FLAG": "N"
      },
      {
        "ADDRESS_BOOK_ID": "addr12347",
        "FIRST_NAME": "JOHN",
        "LAST_NAME": "PETER",
        "ADDRESS1": "110 MILL STREET",
        "ADDRESS2": "APT 203",
        "CITY": "WOONSOCKET",
        "STATE": "RI",
        "ZIP": "2895",
        "PHONE_NUMBER": "424-337-3924",
        "DEFAULT_FLAG": "Y"
      }
    ],
    "PAYMENTS": [
      {
        "PAYMENT_ID": "card12123",
        "PAYMENT_TYPE": "CC",
        "CC_LAST_4_DIGITS": "4185",
        "CARD_TYPE": "VISA",
        "ENC_EXPIRY_DATE": "SSSS##",
        "DEFAULT_FLAG": "N"
      },
      {
        "PAYMENT_ID": "card12124",
        "PAYMENT_TYPE": "CC",
        "CC_LAST_4_DIGITS": "2323",
        "CARD_TYPE": "MASTER",
        "ENC_EXPIRY_DATE": "SSSS##",
        "DEFAULT_FLAG": "Y"
      },
      {
        "PAYMENT_ID": "card12125",
        "PAYMENT_TYPE": "FSA",
        "CC_LAST_4_DIGITS": "6543",
        "CARD_TYPE": "DISCOVER",
        "ENC_EXPIRY_DATE": "SSSS##",
        "DEFAULT_FLAG": "Y"
      }
    ],
    "BILLING_ADDRESSES": [
      {
        "ADDRESS_BOOK_ID": "addr12345",
        "FIRST_NAME": "JOHN",
        "LAST_NAME": "PETER",
        "ADDRESS1": "6500 GREEN VALLEY CIRCLE",
        "ADDRESS2": "APT 323",
        "CITY": "CULVER CITY",
        "STATE": "CA",
        "ZIP": "90230"
      },
      {
        "ADDRESS_BOOK_ID": "addr12346",
        "FIRST_NAME": "JOHN",
        "LAST_NAME": "PETER",
        "ADDRESS1": "5990 GREEN VALLEY CIRCLE",
        "ADDRESS2": "",
        "CITY": "CULVER CITY",
        "STATE": "CA",
        "ZIP": "90230"
      },
      {
        "ADDRESS_BOOK_ID": "addr12346",
        "FIRST_NAME": "JOHN",
        "LAST_NAME": "PETER",
        "ADDRESS1": "110 MILL STREET",
        "ADDRESS2": "APT 203",
        "CITY": "WOONSOCKET",
        "STATE": "RI",
        "ZIP": "2895"
      }
    ]
  },
  "ORDER": {
    "ORDER_ID": "323232",
    "ORDER_STATE": "INCOMPLETE",
    "COMMERCE_ITEMS": [
      {
        "ITEM_CATALOG_DATA": {
          "SKU_ID": "1234567",
          "UPC_NUMBER": "232323232323",
          "DISPLAY_NAME": "Essence of Beauty",
          "BRAND": "Nivea",
          "ECH_SAVINGS_FLAG": "N",
          "FSA_ELIGIBLE_FLAG": "N",
          "FREE_SHIPPING_FLAG": "Y",
          "WEB_ONLY_FLAG": "Y",
          "WEIGHT": "10 LBS",
          "SIZE": "5",
          "MEASURE": "EA",
          "SHIP_HAZARD_FLAG": "N",
          "ALTERNATE_SKU_AVAIL_FLAG": "N",
          "ITEM_SURCHARGE_FLAG": "N",
          "MAX_QTY": "",
          "AVAILABLE_FULFILLMENT_OPTIONS": [
            "HD",
            "SP",
            "SS"
          ],
          "AVAILABLE_SHIP_SAVE_OPTIONS": [
            {
              "CODE": "1,3",
              "DISPLAY_VALUE": "1 Month"
            },
            {
              "CODE": "2,3",
              "DISPLAY_VALUE": "2 Months"
            },
            {
              "CODE": "3,3",
              "DISPLAY_VALUE": "3 Months"
            },
            {
              "CODE": "4,3",
              "DISPLAY_VALUE": "4 Months"
            },
            {
              "CODE": "5,3",
              "DISPLAY_VALUE": "5 Months"
            }
          ],
          "AR_SHORT_DESC": "Ship & Save and Get 20% Off",
          "AR_FUTURE_DESC": "You Earned 20%",
          "ITEM_PRICE": {
            "LIST_PRICE": "15.00",
            "SALE_PRICE": "10.00",
            "OFFER": "BUY 1 GET 1"
          }
        },
        "ITEM_ORDER_DATA": {
          "COMMERCE_ITEM_ID": "CI4649384795",
          "QTY": "3",
          "IS_QTY_ADJUSTED": "N",
          "SELECTED_FULFILLMENT_OPTION": "HD",
          "IS_AR_APPLIED": "",
          "SELECTED_SHIP_SAVE_OPTION": "",
          "ITEM_SAVINGS": {
            "SAVINGS": "3.00",
            "DISCOUNTED_QTY": "1"
          },
          "ITEM_TOTAL": "30.00"
        }
      },
      {
        "ITEM_CATALOG_DATA": {
          "SKU_ID": "1234567",
          "UPC_NUMBER": "232323232323",
          "DISPLAY_NAME": "Essence of Beauty",
          "BRAND": "Nivea",
          "ECH_SAVINGS_FLAG": "N",
          "FSA_ELIGIBLE_FLAG": "N",
          "FREE_SHIPPING_FLAG": "Y",
          "WEB_ONLY_FLAG": "N",
          "WEIGHT": "10 LBS",
          "SIZE": "5",
          "MEASURE": "EA",
          "SHIP_HAZARD_FLAG": "N",
          "ALTERNATE_SKU_AVAIL_FLAG": "N",
          "ITEM_SURCHARGE_FLAG": "N",
          "MAX_QTY": "",
          "AVAILABLE_FULFILLMENT_OPTIONS": [
            "HD",
            "SP",
            "SS"
          ],
          "AVAILABLE_SHIP_SAVE_OPTIONS": [
            {
              "CODE": "1,3",
              "DISPLAY_VALUE": "1 Month"
            },
            {
              "CODE": "2,3",
              "DISPLAY_VALUE": "2 Months"
            },
            {
              "CODE": "3,3",
              "DISPLAY_VALUE": "3 Months"
            },
            {
              "CODE": "4,3",
              "DISPLAY_VALUE": "4 Months"
            },
            {
              "CODE": "5,3",
              "DISPLAY_VALUE": "5 Months"
            }
          ],
          "AR_SHORT_DESC": "Ship & Save and Get 20% Off",
          "AR_FUTURE_DESC": "You Earned 20%",
          "ITEM_PRICE": {
            "LIST_PRICE": "15.00",
            "SALE_PRICE": "10.00",
            "OFFER": "BUY 1 GET 1"
          }
        },
        "ITEM_ORDER_DATA": {
          "COMMERCE_ITEM_ID": "CI4649384795",
          "QTY": "3",
          "IS_QTY_ADJUSTED": "N",
          "SELECTED_FULFILLMENT_OPTION": "SS",
          "IS_AR_APPLIED": "Y",
          "SELECTED_SHIP_SAVE_OPTION": "2,3",
          "ITEM_SAVINGS": {
            "SAVINGS": "1.00",
            "DISCOUNTED_QTY": "2"
          },
          "ITEM_TOTAL": "30.00"
        }
      },
      {
        "ITEM_CATALOG_DATA": {
          "SKU_ID": "1234567",
          "UPC_NUMBER": "232323232323",
          "DISPLAY_NAME": "Essence of Beauty",
          "BRAND": "Nivea",
          "ECH_SAVINGS_FLAG": "Y",
          "FSA_ELIGIBLE_FLAG": "Y",
          "FREE_SHIPPING_FLAG": "N",
          "WEB_ONLY_FLAG": "N",
          "WEIGHT": "10 LBS",
          "SIZE": "5",
          "MEASURE": "EA",
          "SHIP_HAZARD_FLAG": "N",
          "ALTERNATE_SKU_AVAIL_FLAG": "N",
          "ITEM_SURCHARGE_FLAG": "N",
          "MAX_QTY": "",
          "AVAILABLE_FULFILLMENT_OPTIONS": [
            "HD",
            "SP",
            "SS"
          ],
          "AVAILABLE_SHIP_SAVE_OPTIONS": [
            {
              "CODE": "1,3",
              "DISPLAY_VALUE": "1 Month"
            },
            {
              "CODE": "2,3",
              "DISPLAY_VALUE": "2 Months"
            },
            {
              "CODE": "3,3",
              "DISPLAY_VALUE": "3 Months"
            },
            {
              "CODE": "4,3",
              "DISPLAY_VALUE": "4 Months"
            },
            {
              "CODE": "5,3",
              "DISPLAY_VALUE": "5 Months"
            }
          ],
          "AR_SHORT_DESC": "Ship & Save And Get 20% Off",
          "AR_FUTURE_DESC": "You Earned 20%",
          "ITEM_PRICE": {
            "LIST_PRICE": "15.00",
            "SALE_PRICE": "10.00",
            "OFFER": "BUY 1 GET 1"
          }
        },
        "ITEM_ORDER_DATA": {
          "COMMERCE_ITEM_ID": "CI4649384795",
          "QTY": "5",
          "IS_QTY_ADJUSTED": "N",
          "SELECTED_FULFILLMENT_OPTION": "SP",
          "IS_AR_APPLIED": "",
          "SELECTED_SHIP_SAVE_OPTION": "",
          "ITEM_SAVINGS": {
            "SAVINGS": "10.00",
            "DISCOUNTED_QTY": "3"
          },
          "ITEM_TOTAL": "50.00"
        }
      }
    ],
    "ORDER_SUMMARY": {
      "SUBTOTAL": "110.00",
      "TOTAL": "86.00",
      "EXTRA_CARE_REWARDS": "25.00",
      "SHIPPING": "5.00",
      "TAX": "10.00",
      "EMPLOYEE_DISCOUNTS": "0.00",
      "FSA_ELIGIBLE_AMOUNT": "50.00"
    },
    "APPLIED_PROMOTIONS": [
      {
        "PROMOTION_ID": "PROMO1500002",
        "DESC": "$10 OFF ON VITAMIN PRODUCTS",
        "DISCOUNT": "5.00"
      },
      {
        "PROMOTION_ID": "PROMO1500003",
        "DESC": "$10 OFF ON BABY CARE PRODUCTS",
        "DISCOUNT": "10.00"
      }
    ],
    "EC_INFO": {
      "EC_CARD_NO": 5323012820932232,
      "EC_COUPON_INFO": [
        {
          "COUPON_ID": "EC121211",
          "DESC": "$10 OFF ON VITAMIN PRODUCTS",
          "IS_ALREADY_APPLIED": "N",
          "AMOUNT": "10.00"
        },
        {
          "COUPON_ID": "EC121213231",
          "DESC": "$15 OFF ON BABY PRODUCTS",
          "IS_ALREADY_APPLIED": "Y",
          "AMOUNT": "15.00"
        }
      ]
    },
    "ORDER_SHIPPING_INFO": {
      "SHIPPING_ADDRESS": {
        "FIRST_NAME": "JOHN",
        "LAST_NAME": "SMITH",
        "ADDRESS1": "6500 GREEN VALLEY CIRCLE",
        "ADDRESS2": "APT 323",
        "CITY": "BOSTON",
        "STATE": "MASSACHUSETTS",
        "ZIP": "12345",
        "EMAIL_ADDRESS": "JOHN.PETER@GMAIL.COM",
        "PHONE_NUMBER": "111-111-1111"
      },
      "PICKUP_INFO": {
        "FIRST_NAME": "JOHN",
        "LAST_NAME": "SMITH",
        "EMAIL_ADDRESS": "",
        "PHONE_NUMBER": "",
        "RECEIVE_SMS_FLAG": "Y",
        "SELECTED_STORE_INFO": {
          "STORE_ADDRESS1": "5967 GREEN VALLEY CIRCLE",
          "STORE_CITY": "CULVER CITY",
          "STORE_STATE": "CALIFORNIA",
          "STORE_ZIP": "90230",
          "STORE_ID": "121212"
        }
      },
      "SHIPPING_METHOD": {
        "SELECTED_SHIPPING_METHOD": "500",
        "AVAILABLE_SHIPPING_METHODS": [
          {
            "CODE": "500",
            "DISPLAY_VALUE": "STANDARD(4-5 DAYS)"
          },
          {
            "CODE": "501",
            "DISPLAY_VALUE": "PRIORITY(2-3 DAYS)"
          }
        ]
      }
    },
    "ORDER_BILLING_INFO": [
      {
        "PAYMENT_INFO": {
          "PAYMENT_TYPE": "FSA",
          "CC_LAST_4_DIGITS": "4185",
          "CARD_TYPE": "MASTER"
        },
        "ADDRESS_INFO": {
          "FIRST_NAME": "JOHN",
          "LASTNAME": "SMITH",
          "ADDRESS1": "QUEENS",
          "ADDRESS2": "BOSTON",
          "CITY": "BOSTON",
          "STATE": "MASSACHUSETTS",
          "ZIP": "12345"
        }
      },
      {
        "PAYMENT_INFO": {
          "PAYMENT_TYPE": "CC",
          "CC_LAST_4_DIGITS": "4185",
          "CARDTYPE": "MASTER"
        },
        "ADDRESS_INFO": {
          "FIRST_NAME": "JOHN",
          "LASTNAME": "SMITH",
          "ADDRESS1": "QUEENS",
          "ADDRESS2": "BOSTON",
          "CITY": "BOSTON",
          "STATE": "MASSACHUSETTS",
          "ZIP": "12345"
        }
      }
    ]
  }
}
