<response>
    <header>
        <refId>Id-3bbca153e73d0200770700004d2a9459</refId>
        <operationName>getDrugDetails</operationName>
        <statusCode>0000</statusCode>
        <statusDesc>Success</statusDesc>
    </header>
    <detail>
        <drugDetailsList>
            <drug>
                <drugName><![CDATA[LIPITOR]]></drugName>
                <genericName><![CDATA[ATORVASTATIN CALCIUM]]></genericName>
                <drugStrength><![CDATA[10MG]]></drugStrength>
                <drugForm><![CDATA[TABLET]]></drugForm>
                <mailDrug>
                    <brand>true</brand>
                    <commonDaysSupply>90</commonDaysSupply>
                    <commonDispensedQuantity>90.0</commonDispensedQuantity>
                    <deaClassCode>0</deaClassCode>
                    <gpiCode>39400010100310</gpiCode>
                    <maintenance>false</maintenance>
                    <ndcId>71015534</ndcId>
                    <nhu>1</nhu>
                    <orangeCode>AB</orangeCode>
                    <orangeDesc><![CDATA[PRODUCTS MEETING NECESSARY BIOEQUIVALENCE REQUIREMENTS.]]></orangeDesc>
                    <packageSize>5000.0</packageSize>
                    <speciality>false</speciality>
                    <status> </status>
                </mailDrug>
                <retailDrug>
                    <brand>true</brand>
                    <commonDaysSupply>30</commonDaysSupply>
                    <commonDispensedQuantity>30.0</commonDispensedQuantity>
                    <deaClassCode>0</deaClassCode>
                    <gpiCode>39400010100310</gpiCode>
                    <maintenance>false</maintenance>
                    <ndcId>71015523</ndcId>
                    <nhu>1</nhu>
                    <orangeCode>AB</orangeCode>
                    <orangeDesc><![CDATA[PRODUCTS MEETING NECESSARY BIOEQUIVALENCE REQUIREMENTS.]]></orangeDesc>
                    <packageSize>90.0</packageSize>
                    <speciality>false</speciality>
                </retailDrug>
            </drug>
            <!-- <drug>
                 <drugName><![CDATA[LIPITOR]]></drugName>
                 <genericName><![CDATA[ATORVASTATIN CALCIUM]]></genericName>
                 <drugStrength><![CDATA[20MG]]></drugStrength>
                 <drugForm><![CDATA[TABLET]]></drugForm>
                 <mailDrug>
                     <brand>true</brand>
                     <commonDaysSupply>90</commonDaysSupply>
                     <commonDispensedQuantity>90.0</commonDispensedQuantity>
                     <deaClassCode>0</deaClassCode>
                     <gpiCode>39400010100320</gpiCode>
                     <maintenance>false</maintenance>
                     <ndcId>71015694</ndcId>
                     <nhu>1</nhu>
                     <orangeCode>AB</orangeCode>
                     <orangeDesc><![CDATA[PRODUCTS MEETING NECESSARY BIOEQUIVALENCE REQUIREMENTS.]]></orangeDesc>
                     <packageSize>5000.0</packageSize>
                     <speciality>false</speciality>
                     <status> </status>
                 </mailDrug>
                 <retailDrug>
                     <brand>true</brand>
                     <commonDaysSupply>30</commonDaysSupply>
                     <commonDispensedQuantity>30.0</commonDispensedQuantity>
                     <deaClassCode>0</deaClassCode>
                     <gpiCode>39400010100320</gpiCode>
                     <maintenance>false</maintenance>
                     <ndcId>71015623</ndcId>
                     <nhu>1</nhu>
                     <orangeCode>AB</orangeCode>
                     <orangeDesc><![CDATA[PRODUCTS MEETING NECESSARY BIOEQUIVALENCE REQUIREMENTS.]]></orangeDesc>
                     <packageSize>90.0</packageSize>
                     <speciality>false</speciality>
                 </retailDrug>
             </drug>
             <drug>
                 <drugName><![CDATA[LIPITOR]]></drugName>
                 <genericName><![CDATA[ATORVASTATIN CALCIUM]]></genericName>
                 <drugStrength><![CDATA[40MG]]></drugStrength>
                 <drugForm><![CDATA[TABLET]]></drugForm>
                 <mailDrug>
                     <brand>true</brand>
                     <commonDaysSupply>90</commonDaysSupply>
                     <commonDispensedQuantity>90.0</commonDispensedQuantity>
                     <deaClassCode>0</deaClassCode>
                     <gpiCode>39400010100330</gpiCode>
                     <maintenance>false</maintenance>
                     <ndcId>71015723</ndcId>
                     <nhu>1</nhu>
                     <orangeCode>AB</orangeCode>
                     <orangeDesc><![CDATA[PRODUCTS MEETING NECESSARY BIOEQUIVALENCE REQUIREMENTS.]]></orangeDesc>
                     <packageSize>90.0</packageSize>
                     <speciality>false</speciality>
                     <status> </status>
                 </mailDrug>
                 <retailDrug>
                     <brand>true</brand>
                     <commonDaysSupply>30</commonDaysSupply>
                     <commonDispensedQuantity>30.0</commonDispensedQuantity>
                     <deaClassCode>0</deaClassCode>
                     <gpiCode>39400010100330</gpiCode>
                     <maintenance>false</maintenance>
                     <ndcId>71015723</ndcId>
                     <nhu>1</nhu>
                     <orangeCode>AB</orangeCode>
                     <orangeDesc><![CDATA[PRODUCTS MEETING NECESSARY BIOEQUIVALENCE REQUIREMENTS.]]></orangeDesc>
                     <packageSize>90.0</packageSize>
                     <speciality>false</speciality>
                 </retailDrug>
             </drug>
             <drug>
                 <drugName><![CDATA[LIPITOR]]></drugName>
                 <genericName><![CDATA[ATORVASTATIN CALCIUM]]></genericName>
                 <drugStrength><![CDATA[80MG]]></drugStrength>
                 <drugForm><![CDATA[CAPSULE]]></drugForm>
                 <mailDrug>
                     <brand>true</brand>
                     <commonDaysSupply>90</commonDaysSupply>
                     <commonDispensedQuantity>90.0</commonDispensedQuantity>
                     <deaClassCode>0</deaClassCode>
                     <gpiCode>39400010100350</gpiCode>
                     <maintenance>false</maintenance>
                     <ndcId>71015823</ndcId>
                     <nhu>1</nhu>
                     <orangeCode>AB</orangeCode>
                     <orangeDesc><![CDATA[PRODUCTS MEETING NECESSARY BIOEQUIVALENCE REQUIREMENTS.]]></orangeDesc>
                     <packageSize>90.0</packageSize>
                     <speciality>false</speciality>
                     <status> </status>
                 </mailDrug>
                 <retailDrug>
                     <brand>true</brand>
                     <commonDaysSupply>30</commonDaysSupply>
                     <commonDispensedQuantity>30.0</commonDispensedQuantity>
                     <deaClassCode>0</deaClassCode>
                     <gpiCode>39400010100350</gpiCode>
                     <maintenance>false</maintenance>
                     <ndcId>71015823</ndcId>
                     <nhu>1</nhu>
                     <orangeCode>AB</orangeCode>
                     <orangeDesc><![CDATA[PRODUCTS MEETING NECESSARY BIOEQUIVALENCE REQUIREMENTS.]]></orangeDesc>
                     <packageSize>90.0</packageSize>
                     <speciality>false</speciality>
                 </retailDrug>
             </drug>
             <drug>
                 <drugName><![CDATA[atorvastatin calcium]]></drugName>
                 <genericName><![CDATA[ATORVASTATIN CALCIUM]]></genericName>
                 <drugStrength><![CDATA[10MG]]></drugStrength>
                 <drugForm><![CDATA[TABLET]]></drugForm>
                 <mailDrug>
                     <brand>false</brand>
                     <commonDaysSupply>0</commonDaysSupply>
                     <commonDispensedQuantity>0.0</commonDispensedQuantity>
                     <deaClassCode>0</deaClassCode>
                     <gpiCode>39400010100310</gpiCode>
                     <maintenance>false</maintenance>
                     <ndcId>54569628200</ndcId>
                     <nhu>1</nhu>
                     <orangeCode>ZA</orangeCode>
                     <orangeDesc><![CDATA[PARTICULAR PHARMACEUTICAL ENTITY (GCN) LOOKED AT BUT PARTICULAR LABELER WAS NOT EVALUATED.]]></orangeDesc>
                     <packageSize>30.0</packageSize>
                     <speciality>false</speciality>
                     <status>P</status>
                 </mailDrug>
                 <retailDrug>
                     <brand>false</brand>
                     <commonDaysSupply>0</commonDaysSupply>
                     <commonDispensedQuantity>0.0</commonDispensedQuantity>
                     <deaClassCode>0</deaClassCode>
                     <gpiCode>39400010100310</gpiCode>
                     <maintenance>false</maintenance>
                     <ndcId>54569628200</ndcId>
                     <nhu>1</nhu>
                     <orangeCode>ZA</orangeCode>
                     <orangeDesc><![CDATA[PARTICULAR PHARMACEUTICAL ENTITY (GCN) LOOKED AT BUT PARTICULAR LABELER WAS NOT EVALUATED.]]></orangeDesc>
                     <packageSize>30.0</packageSize>
                     <speciality>false</speciality>
                 </retailDrug>
             </drug>
             <drug>
                 <drugName><![CDATA[atorvastatin calcium]]></drugName>
                 <genericName><![CDATA[ATORVASTATIN CALCIUM]]></genericName>
                 <drugStrength><![CDATA[20MG]]></drugStrength>
                 <drugForm><![CDATA[TABLET]]></drugForm>
                 <mailDrug>
                     <brand>false</brand>
                     <commonDaysSupply>90</commonDaysSupply>
                     <commonDispensedQuantity>90.0</commonDispensedQuantity>
                     <deaClassCode>0</deaClassCode>
                     <gpiCode>39400010100320</gpiCode>
                     <maintenance>false</maintenance>
                     <ndcId>591377519</ndcId>
                     <nhu>1</nhu>
                     <orangeCode>AB</orangeCode>
                     <orangeDesc><![CDATA[PRODUCTS MEETING NECESSARY BIOEQUIVALENCE REQUIREMENTS.]]></orangeDesc>
                     <packageSize>90.0</packageSize>
                     <speciality>false</speciality>
                     <status>P</status>
                 </mailDrug>
                 <retailDrug>
                     <brand>false</brand>
                     <commonDaysSupply>30</commonDaysSupply>
                     <commonDispensedQuantity>30.0</commonDispensedQuantity>
                     <deaClassCode>0</deaClassCode>
                     <gpiCode>39400010100320</gpiCode>
                     <maintenance>false</maintenance>
                     <ndcId>591377519</ndcId>
                     <nhu>1</nhu>
                     <orangeCode>AB</orangeCode>
                     <orangeDesc><![CDATA[PRODUCTS MEETING NECESSARY BIOEQUIVALENCE REQUIREMENTS.]]></orangeDesc>
                     <packageSize>90.0</packageSize>
                     <speciality>false</speciality>
                 </retailDrug>
             </drug>
             <drug>
                 <drugName><![CDATA[atorvastatin calcium]]></drugName>
                 <genericName><![CDATA[ATORVASTATIN CALCIUM]]></genericName>
                 <drugStrength><![CDATA[40MG]]></drugStrength>
                 <drugForm><![CDATA[TABLET]]></drugForm>
                 <mailDrug>
                     <brand>false</brand>
                     <commonDaysSupply>90</commonDaysSupply>
                     <commonDispensedQuantity>90.0</commonDispensedQuantity>
                     <deaClassCode>0</deaClassCode>
                     <gpiCode>39400010100330</gpiCode>
                     <maintenance>false</maintenance>
                     <ndcId>591377619</ndcId>
                     <nhu>1</nhu>
                     <orangeCode>AB</orangeCode>
                     <orangeDesc><![CDATA[PRODUCTS MEETING NECESSARY BIOEQUIVALENCE REQUIREMENTS.]]></orangeDesc>
                     <packageSize>90.0</packageSize>
                     <speciality>false</speciality>
                     <status>P</status>
                 </mailDrug>
                 <retailDrug>
                     <brand>false</brand>
                     <commonDaysSupply>30</commonDaysSupply>
                     <commonDispensedQuantity>30.0</commonDispensedQuantity>
                     <deaClassCode>0</deaClassCode>
                     <gpiCode>39400010100330</gpiCode>
                     <maintenance>false</maintenance>
                     <ndcId>591377619</ndcId>
                     <nhu>1</nhu>
                     <orangeCode>AB</orangeCode>
                     <orangeDesc><![CDATA[PRODUCTS MEETING NECESSARY BIOEQUIVALENCE REQUIREMENTS.]]></orangeDesc>
                     <packageSize>90.0</packageSize>
                     <speciality>false</speciality>
                 </retailDrug>
             </drug>
             <drug>
                 <drugName><![CDATA[atorvastatin calcium]]></drugName>
                 <genericName><![CDATA[ATORVASTATIN CALCIUM]]></genericName>
                 <drugStrength><![CDATA[80MG]]></drugStrength>
                 <drugForm><![CDATA[TABLET]]></drugForm>
                 <mailDrug>
                     <brand>false</brand>
                     <commonDaysSupply>90</commonDaysSupply>
                     <commonDispensedQuantity>90.0</commonDispensedQuantity>
                     <deaClassCode>0</deaClassCode>
                     <gpiCode>39400010100350</gpiCode>
                     <maintenance>false</maintenance>
                     <ndcId>591377719</ndcId>
                     <nhu>1</nhu>
                     <orangeCode>AB</orangeCode>
                     <orangeDesc><![CDATA[PRODUCTS MEETING NECESSARY BIOEQUIVALENCE REQUIREMENTS.]]></orangeDesc>
                     <packageSize>90.0</packageSize>
                     <speciality>false</speciality>
                     <status>P</status>
                 </mailDrug>
                 <retailDrug>
                     <brand>false</brand>
                     <commonDaysSupply>30</commonDaysSupply>
                     <commonDispensedQuantity>30.0</commonDispensedQuantity>
                     <deaClassCode>0</deaClassCode>
                     <gpiCode>39400010100350</gpiCode>
                     <maintenance>false</maintenance>
                     <ndcId>591377719</ndcId>
                     <nhu>1</nhu>
                     <orangeCode>AB</orangeCode>
                     <orangeDesc><![CDATA[PRODUCTS MEETING NECESSARY BIOEQUIVALENCE REQUIREMENTS.]]></orangeDesc>
                     <packageSize>90.0</packageSize>
                     <speciality>false</speciality>
                 </retailDrug>
             </drug>-->
        </drugDetailsList>
    </detail>
</response>

 