<response>
    <header>
        <refId>Id-ecbf78557d390000e429000019a38eaf</refId>
        <operationName>getDrugProperties</operationName>
        <statusCode>0000</statusCode>
        <statusDesc>Success</statusDesc>
    </header>
    <detail>
        <drugPropertiesList>
            <drugProperties>
                <compoundMedications>false</compoundMedications>
                <controlledSubstances>false</controlledSubstances>
                <displayRequestPresComp>true</displayRequestPresComp>
                <fastStartOptionOn>false</fastStartOptionOn>
                <GPI>false</GPI>
                <maintenance>true</maintenance>
                <newDrug>true</newDrug>
                <orderMyRefillsFamilyAccessTurnedOn>true</orderMyRefillsFamilyAccessTurnedOn>
                <planRestriction>false</planRestriction>
                <sensitiveMedications>false</sensitiveMedications>
                <submittedInPast>false</submittedInPast>
            </drugProperties>
        </drugPropertiesList>
        <drugPropertiesList>
            <compoundMedications>false</compoundMedications>
            <controlledSubstances>false</controlledSubstances>
            <displayRequestPresComp>false</displayRequestPresComp>
            <fastStartOptionOn>true</fastStartOptionOn>
            <GPI>false</GPI>
            <maintenance>true</maintenance>
            <newDrug>false</newDrug>
            <orderMyRefillsFamilyAccessTurnedOn>false</orderMyRefillsFamilyAccessTurnedOn>
            <planRestriction>true</planRestriction>
            <sensitiveMedications>false</sensitiveMedications>
            <submittedInPast>false</submittedInPast>
        </drugPropertiesList>
    </detail>
</response>