<?xml version="1.0" encoding="UTF-8"?>
<response>
    <header>
        <refId>Id-ad30a3531c100400830700003db9b8e3</refId>
        <operationName>drugSearch</operationName>
        <statusCode>0000</statusCode>
        <statusDesc>Success</statusDesc>
    </header>
    <detail>
        <drugSearchList>
            <drugName>Limoic Acid</drugName>
            <drugName>Limid Complex (ABLC) injection Amphotericin B </drugName>
            <drugName>Limosomal (LamB) injection</drugName>
            <drugName>Lim Balm</drugName>
            <drugName>Limosomal</drugName>
            <drugName>Limosomal intrathecal injection</drugName>
            <drugName>Limosomal2 injection</drugName>
            <drugName>Limosomal injection</drugName>
            <drugName>Limid</drugName>
            <drugName>Limosomal</drugName>
            <drugName>Lim Balm</drugName>
            <drugName>Limase (Porcine)</drugName>
            <drugName>Limitor</drugName>
            <drugName>Limitor 10mg Tablet</drugName>
            <drugName>Limitor 20mg Tablet</drugName>
            <drugName>Limitor 40mg Tablet</drugName>
            <drugName>Limitor 80mg Tablet</drugName>
            <drugName>Limofen</drugName>
            <drugName>Limogen</drugName>
            <drugName>Limosomal</drugName>
            <drugName>Limosyn II</drugName>
            <drugName>Limosyn III</drugName>
            <drugName>Limid Microspheres</drugName>
            <drugName>Limodystrophy</drugName>
            <drugName>Limoidica diabeticorum</drugName>
        </drugSearchList>
    </detail>
</response>