<response>
    <header>
        <refId>Id-fcc06855632b0000b0250000c00fd356</refId>
        <operationName>getDrugDetails</operationName>
        <statusCode>0000</statusCode>
        <statusDesc>Success</statusDesc>
    </header>
    <detail>
        <drugDetailsList>
            <drug>
                <drugName>
                    <![CDATA[PROZAC]]>
                </drugName>
                <genericName>
                    <![CDATA[FLUOXETINE HCL]]>
                </genericName>
                <drugStrength>
                    <![CDATA[10MG]]>
                </drugStrength>
                <drugForm>
                    <![CDATA[CAPSULE]]>
                </drugForm>
                <mailDrug>
                    <brand>true</brand>
                    <commonDaysSupply>90</commonDaysSupply>
                    <commonDispensedQuantity>90.0</commonDispensedQuantity>
                    <deaClassCode>0</deaClassCode>
                    <gpiCode>58160040000110</gpiCode>
                    <maintenance>true</maintenance>
                    <ndcId>777310402</ndcId>
                    <nhu>1</nhu>
                    <orangeCode>AB</orangeCode>
                    <orangeDesc>
                        <![CDATA[PRODUCTS MEETING NECESSARY BIOEQUIVALENCE REQUIREMENTS.]]>
                    </orangeDesc>
                    <packageSize>100.0</packageSize>
                    <speciality>false</speciality>
                    <status>O</status>
                </mailDrug>
                <retailDrug>
                    <brand>true</brand>
                    <commonDaysSupply>30</commonDaysSupply>
                    <commonDispensedQuantity>30.0</commonDispensedQuantity>
                    <deaClassCode>0</deaClassCode>
                    <gpiCode>58160040000110</gpiCode>
                    <maintenance>true</maintenance>
                    <ndcId>777310402</ndcId>
                    <nhu>1</nhu>
                    <orangeCode>AB</orangeCode>
                    <orangeDesc>
                        <![CDATA[PRODUCTS MEETING NECESSARY BIOEQUIVALENCE REQUIREMENTS.]]>
                    </orangeDesc>
                    <packageSize>100.0</packageSize>
                    <speciality>false</speciality>
                </retailDrug>
            </drug>
            <drug>
                <drugName>
                    <![CDATA[PROZAC]]>
                </drugName>
                <genericName>
                    <![CDATA[FLUOXETINE HCL]]>
                </genericName>
                <drugStrength>
                    <![CDATA[20MG]]>
                </drugStrength>
                <drugForm>
                    <![CDATA[CAPSULE]]>
                </drugForm>
                <mailDrug>
                    <brand>true</brand>
                    <commonDaysSupply>90</commonDaysSupply>
                    <commonDispensedQuantity>90.0</commonDispensedQuantity>
                    <deaClassCode>0</deaClassCode>
                    <gpiCode>58160040000120</gpiCode>
                    <maintenance>true</maintenance>
                    <ndcId>777310530</ndcId>
                    <nhu>1</nhu>
                    <orangeCode>AB</orangeCode>
                    <orangeDesc>
                        <![CDATA[PRODUCTS MEETING NECESSARY BIOEQUIVALENCE REQUIREMENTS.]]>
                    </orangeDesc>
                    <packageSize>30.0</packageSize>
                    <speciality>false</speciality>
                    <status>O</status>
                </mailDrug>
                <retailDrug>
                    <brand>true</brand>
                    <commonDaysSupply>30</commonDaysSupply>
                    <commonDispensedQuantity>30.0</commonDispensedQuantity>
                    <deaClassCode>0</deaClassCode>
                    <gpiCode>58160040000120</gpiCode>
                    <maintenance>true</maintenance>
                    <ndcId>777310502</ndcId>
                    <nhu>1</nhu>
                    <orangeCode>AB</orangeCode>
                    <orangeDesc>
                        <![CDATA[PRODUCTS MEETING NECESSARY BIOEQUIVALENCE REQUIREMENTS.]]>
                    </orangeDesc>
                    <packageSize>100.0</packageSize>
                    <speciality>false</speciality>
                </retailDrug>
            </drug>
            <drug>
                <drugName>
                    <![CDATA[PROZAC]]>
                </drugName>
                <genericName>
                    <![CDATA[FLUOXETINE HCL]]>
                </genericName>
                <drugStrength>
                    <![CDATA[40MG]]>
                </drugStrength>
                <drugForm>
                    <![CDATA[CAPSULE]]>
                </drugForm>
                <mailDrug>
                    <brand>true</brand>
                    <commonDaysSupply>90</commonDaysSupply>
                    <commonDispensedQuantity>90.0</commonDispensedQuantity>
                    <deaClassCode>0</deaClassCode>
                    <gpiCode>58160040000140</gpiCode>
                    <maintenance>true</maintenance>
                    <ndcId>777310730</ndcId>
                    <nhu>1</nhu>
                    <orangeCode>AB</orangeCode>
                    <orangeDesc>
                        <![CDATA[PRODUCTS MEETING NECESSARY BIOEQUIVALENCE REQUIREMENTS.]]>
                    </orangeDesc>
                    <packageSize>30.0</packageSize>
                    <speciality>false</speciality>
                    <status>O</status>
                </mailDrug>
                <retailDrug>
                    <brand>true</brand>
                    <commonDaysSupply>30</commonDaysSupply>
                    <commonDispensedQuantity>30.0</commonDispensedQuantity>
                    <deaClassCode>0</deaClassCode>
                    <gpiCode>58160040000140</gpiCode>
                    <maintenance>true</maintenance>
                    <ndcId>777310730</ndcId>
                    <nhu>1</nhu>
                    <orangeCode>AB</orangeCode>
                    <orangeDesc>
                        <![CDATA[PRODUCTS MEETING NECESSARY BIOEQUIVALENCE REQUIREMENTS.]]>
                    </orangeDesc>
                    <packageSize>30.0</packageSize>
                    <speciality>false</speciality>
                </retailDrug>
            </drug>
            <drug>
                <drugName>
                    <![CDATA[fluoxetine hcl]]>
                </drugName>
                <genericName>
                    <![CDATA[FLUOXETINE HCL]]>
                </genericName>
                <drugStrength>
                    <![CDATA[40MG]]>
                </drugStrength>
                <drugForm>
                    <![CDATA[CAPSULE]]>
                </drugForm>
                <mailDrug>
                    <brand>false</brand>
                    <commonDaysSupply>90</commonDaysSupply>
                    <commonDispensedQuantity>90.0</commonDispensedQuantity>
                    <deaClassCode>0</deaClassCode>
                    <gpiCode>58160040000140</gpiCode>
                    <maintenance>true</maintenance>
                    <ndcId>49884087211</ndcId>
                    <nhu>1</nhu>
                    <orangeCode>AB</orangeCode>
                    <orangeDesc>
                        <![CDATA[PRODUCTS MEETING NECESSARY BIOEQUIVALENCE REQUIREMENTS.]]>
                    </orangeDesc>
                    <packageSize>30.0</packageSize>
                    <speciality>false</speciality>
                    <status>O</status>
                </mailDrug>
                <retailDrug>
                    <brand>false</brand>
                    <commonDaysSupply>30</commonDaysSupply>
                    <commonDispensedQuantity>30.0</commonDispensedQuantity>
                    <deaClassCode>0</deaClassCode>
                    <gpiCode>58160040000140</gpiCode>
                    <maintenance>true</maintenance>
                    <ndcId>93719856</ndcId>
                    <nhu>1</nhu>
                    <orangeCode>AB</orangeCode>
                    <orangeDesc>
                        <![CDATA[PRODUCTS MEETING NECESSARY BIOEQUIVALENCE REQUIREMENTS.]]>
                    </orangeDesc>
                    <packageSize>30.0</packageSize>
                    <speciality>false</speciality>
                </retailDrug>
            </drug>
            <drug>
                <drugName>
                    <![CDATA[PROZAC WEEKLY]]>
                </drugName>
                <genericName>
                    <![CDATA[FLUOXETINE HCL]]>
                </genericName>
                <drugStrength>
                    <![CDATA[90MG]]>
                </drugStrength>
                <drugForm>
                    <![CDATA[CAPSULE DR]]>
                </drugForm>
                <mailDrug>
                    <brand>true</brand>
                    <commonDaysSupply>84</commonDaysSupply>
                    <commonDispensedQuantity>12.0</commonDispensedQuantity>
                    <deaClassCode>0</deaClassCode>
                    <gpiCode>58160040006530</gpiCode>
                    <maintenance>true</maintenance>
                    <ndcId>2300475</ndcId>
                    <nhu>1</nhu>
                    <orangeCode>AB</orangeCode>
                    <orangeDesc>
                        <![CDATA[PRODUCTS MEETING NECESSARY BIOEQUIVALENCE REQUIREMENTS.]]>
                    </orangeDesc>
                    <packageSize>4.0</packageSize>
                    <speciality>false</speciality>
                    <status>O</status>
                </mailDrug>
                <retailDrug>
                    <brand>true</brand>
                    <commonDaysSupply>28</commonDaysSupply>
                    <commonDispensedQuantity>4.0</commonDispensedQuantity>
                    <deaClassCode>0</deaClassCode>
                    <gpiCode>58160040006530</gpiCode>
                    <maintenance>true</maintenance>
                    <ndcId>2300475</ndcId>
                    <nhu>1</nhu>
                    <orangeCode>AB</orangeCode>
                    <orangeDesc>
                        <![CDATA[PRODUCTS MEETING NECESSARY BIOEQUIVALENCE REQUIREMENTS.]]>
                    </orangeDesc>
                    <packageSize>4.0</packageSize>
                    <speciality>false</speciality>
                </retailDrug>
            </drug>
        </drugDetailsList>
    </detail>
</response>