<response>
    <header>
        <refId>Id-61cf64554cec03006725000055ee11c1</refId>
        <operationName>getDrugDetails</operationName>
        <statusCode>0000</statusCode>
        <statusDesc>Success</statusDesc>
    </header>
    <detail>
        <drugDetailsList>
            <drug>
                <drugName>
                    <![CDATA[LIPOSYN III]]>
                </drugName>
                <genericName>
                    <![CDATA[FAT EMULSIONS]]>
                </genericName>
                <drugStrength>
                    <![CDATA[20%]]>
                </drugStrength>
                <drugForm>
                    <![CDATA[EMULSION]]>
                </drugForm>
                <mailDrug>
                    <brand>false</brand>
                    <commonDaysSupply>0</commonDaysSupply>
                    <commonDispensedQuantity>0.0</commonDispensedQuantity>
                    <deaClassCode>0</deaClassCode>
                    <maintenance>false</maintenance>
                    <ndcId>0</ndcId>
                    <nhu>0</nhu>
                    <packageSize>0.0</packageSize>
                    <speciality>false</speciality>
                    <status></status>
                </mailDrug>
                <retailDrug>
                    <brand>true</brand>
                    <commonDaysSupply>9</commonDaysSupply>
                    <commonDispensedQuantity>2343.8</commonDispensedQuantity>
                    <deaClassCode>0</deaClassCode>
                    <gpiCode>80200010001620</gpiCode>
                    <maintenance>false</maintenance>
                    <ndcId>409979103</ndcId>
                    <nhu>1</nhu>
                    <orangeCode>AP</orangeCode>
                    <orangeDesc>
                        <![CDATA[INJECTABLE AQUEOUS SOLUTIONS INCLUDING DRY POWDERS, CONCENTRATED SOLUTION OR READY TO USE SOLUTIONS ARE CONSIDERED PHARMACEUTICALLY AND THERAPEUTICALLY EQUIVALENT IF THEY PRODUCE THE SAME CONCENTRATION AND ARE LABELED SIMILARLY.]]>
                    </orangeDesc>
                    <packageSize>500.0</packageSize>
                    <speciality>false</speciality>
                </retailDrug>
            </drug>
            <drug>
                <drugName>
                    <![CDATA[intralipid]]>
                </drugName>
                <genericName>
                    <![CDATA[FAT EMULSIONS]]>
                </genericName>
                <drugStrength>
                    <![CDATA[20%]]>
                </drugStrength>
                <drugForm>
                    <![CDATA[EMULSION]]>
                </drugForm>
                <mailDrug>
                    <brand>false</brand>
                    <commonDaysSupply>0</commonDaysSupply>
                    <commonDispensedQuantity>0.0</commonDispensedQuantity>
                    <deaClassCode>0</deaClassCode>
                    <maintenance>false</maintenance>
                    <ndcId>0</ndcId>
                    <nhu>0</nhu>
                    <packageSize>0.0</packageSize>
                    <speciality>false</speciality>
                    <status>P</status>
                </mailDrug>
                <retailDrug>
                    <brand>false</brand>
                    <commonDaysSupply>7</commonDaysSupply>
                    <commonDispensedQuantity>500.0</commonDispensedQuantity>
                    <deaClassCode>0</deaClassCode>
                    <gpiCode>80200010001620</gpiCode>
                    <maintenance>false</maintenance>
                    <ndcId>338051903</ndcId>
                    <nhu>1</nhu>
                    <orangeCode>AP</orangeCode>
                    <orangeDesc>
                        <![CDATA[INJECTABLE AQUEOUS SOLUTIONS INCLUDING DRY POWDERS, CONCENTRATED SOLUTION OR READY TO USE SOLUTIONS ARE CONSIDERED PHARMACEUTICALLY AND THERAPEUTICALLY EQUIVALENT IF THEY PRODUCE THE SAME CONCENTRATION AND ARE LABELED SIMILARLY.]]>
                    </orangeDesc>
                    <packageSize>500.0</packageSize>
                    <speciality>false</speciality>
                </retailDrug>
            </drug>
            <drug>
                <drugName>
                    <![CDATA[LIPITOR]]>
                </drugName>
                <genericName>
                    <![CDATA[ATORVASTATIN CALCIUM]]>
                </genericName>
                <drugStrength>
                    <![CDATA[10MG]]>
                </drugStrength>
                <drugForm>
                    <![CDATA[TABLET]]>
                </drugForm>
                <mailDrug>
                    <brand>true</brand>
                    <commonDaysSupply>90</commonDaysSupply>
                    <commonDispensedQuantity>90.0</commonDispensedQuantity>
                    <deaClassCode>0</deaClassCode>
                    <gpiCode>39400010100310</gpiCode>
                    <maintenance>false</maintenance>
                    <ndcId>71015534</ndcId>
                    <nhu>1</nhu>
                    <orangeCode>AB</orangeCode>
                    <orangeDesc>
                        <![CDATA[PRODUCTS MEETING NECESSARY BIOEQUIVALENCE REQUIREMENTS.]]>
                    </orangeDesc>
                    <packageSize>5000.0</packageSize>
                    <speciality>false</speciality>
                    <status></status>
                </mailDrug>
                <retailDrug>
                    <brand>true</brand>
                    <commonDaysSupply>30</commonDaysSupply>
                    <commonDispensedQuantity>30.0</commonDispensedQuantity>
                    <deaClassCode>0</deaClassCode>
                    <gpiCode>39400010100310</gpiCode>
                    <maintenance>false</maintenance>
                    <ndcId>71015523</ndcId>
                    <nhu>1</nhu>
                    <orangeCode>AB</orangeCode>
                    <orangeDesc>
                        <![CDATA[PRODUCTS MEETING NECESSARY BIOEQUIVALENCE REQUIREMENTS.]]>
                    </orangeDesc>
                    <packageSize>90.0</packageSize>
                    <speciality>false</speciality>
                </retailDrug>
            </drug>
            <drug>
                <drugName>
                    <![CDATA[LIPITOR]]>
                </drugName>
                <genericName>
                    <![CDATA[ATORVASTATIN CALCIUM]]>
                </genericName>
                <drugStrength>
                    <![CDATA[20MG]]>
                </drugStrength>
                <drugForm>
                    <![CDATA[TABLET]]>
                </drugForm>
                <mailDrug>
                    <brand>true</brand>
                    <commonDaysSupply>90</commonDaysSupply>
                    <commonDispensedQuantity>90.0</commonDispensedQuantity>
                    <deaClassCode>0</deaClassCode>
                    <gpiCode>39400010100320</gpiCode>
                    <maintenance>false</maintenance>
                    <ndcId>71015623</ndcId>
                    <nhu>1</nhu>
                    <orangeCode>AB</orangeCode>
                    <orangeDesc>
                        <![CDATA[PRODUCTS MEETING NECESSARY BIOEQUIVALENCE REQUIREMENTS.]]>
                    </orangeDesc>
                    <packageSize>90.0</packageSize>
                    <speciality>false</speciality>
                    <status></status>
                </mailDrug>
                <retailDrug>
                    <brand>true</brand>
                    <commonDaysSupply>30</commonDaysSupply>
                    <commonDispensedQuantity>30.0</commonDispensedQuantity>
                    <deaClassCode>0</deaClassCode>
                    <gpiCode>39400010100320</gpiCode>
                    <maintenance>false</maintenance>
                    <ndcId></ndcId>
                    <nhu>1</nhu>
                    <orangeCode>AB</orangeCode>
                    <orangeDesc>
                        <![CDATA[PRODUCTS MEETING NECESSARY BIOEQUIVALENCE REQUIREMENTS.]]>
                    </orangeDesc>
                    <packageSize>90.0</packageSize>
                    <speciality>false</speciality>
                </retailDrug>
            </drug>
            <drug>
                <drugName>
                    <![CDATA[LIPITOR]]>
                </drugName>
                <genericName>
                    <![CDATA[ATORVASTATIN CALCIUM]]>
                </genericName>
                <drugStrength>
                    <![CDATA[40MG]]>
                </drugStrength>
                <drugForm>
                    <![CDATA[TABLET]]>
                </drugForm>
                <mailDrug>
                    <brand>true</brand>
                    <commonDaysSupply>90</commonDaysSupply>
                    <commonDispensedQuantity>90.0</commonDispensedQuantity>
                    <deaClassCode>0</deaClassCode>
                    <gpiCode>39400010100330</gpiCode>
                    <maintenance>false</maintenance>
                    <ndcId></ndcId>
                    <nhu>1</nhu>
                    <orangeCode>AB</orangeCode>
                    <orangeDesc>
                        <![CDATA[PRODUCTS MEETING NECESSARY BIOEQUIVALENCE REQUIREMENTS.]]>
                    </orangeDesc>
                    <packageSize>90.0</packageSize>
                    <speciality>false</speciality>
                    <status></status>
                </mailDrug>
                <retailDrug>
                    <brand>true</brand>
                    <commonDaysSupply>30</commonDaysSupply>
                    <commonDispensedQuantity>30.0</commonDispensedQuantity>
                    <deaClassCode>0</deaClassCode>
                    <gpiCode>39400010100330</gpiCode>
                    <maintenance>false</maintenance>
                    <ndcId>71015723</ndcId>
                    <nhu>1</nhu>
                    <orangeCode>AB</orangeCode>
                    <orangeDesc>
                        <![CDATA[PRODUCTS MEETING NECESSARY BIOEQUIVALENCE REQUIREMENTS.]]>
                    </orangeDesc>
                    <packageSize>90.0</packageSize>
                    <speciality>false</speciality>
                </retailDrug>
            </drug>
            <drug>
                <drugName>
                    <![CDATA[LIPITOR]]>
                </drugName>
                <genericName>
                    <![CDATA[ATORVASTATIN CALCIUM]]>
                </genericName>
                <drugStrength>
                    <![CDATA[80MG]]>
                </drugStrength>
                <drugForm>
                    <![CDATA[TABLET]]>
                </drugForm>
                <mailDrug>
                    <brand>true</brand>
                    <commonDaysSupply>90</commonDaysSupply>
                    <commonDispensedQuantity>90.0</commonDispensedQuantity>
                    <deaClassCode>0</deaClassCode>
                    <gpiCode>39400010100350</gpiCode>
                    <maintenance>false</maintenance>
                    <ndcId>71015823</ndcId>
                    <nhu>1</nhu>
                    <orangeCode>AB</orangeCode>
                    <orangeDesc>
                        <![CDATA[PRODUCTS MEETING NECESSARY BIOEQUIVALENCE REQUIREMENTS.]]>
                    </orangeDesc>
                    <packageSize>90.0</packageSize>
                    <speciality>false</speciality>
                    <status></status>
                </mailDrug>
                <retailDrug>
                    <brand>true</brand>
                    <commonDaysSupply>30</commonDaysSupply>
                    <commonDispensedQuantity>30.0</commonDispensedQuantity>
                    <deaClassCode>0</deaClassCode>
                    <gpiCode>39400010100350</gpiCode>
                    <maintenance>false</maintenance>
                    <ndcId>71015823</ndcId>
                    <nhu>1</nhu>
                    <orangeCode>AB</orangeCode>
                    <orangeDesc>
                        <![CDATA[PRODUCTS MEETING NECESSARY BIOEQUIVALENCE REQUIREMENTS.]]>
                    </orangeDesc>
                    <packageSize>90.0</packageSize>
                    <speciality>false</speciality>
                </retailDrug>
            </drug>
            <drug>
                <drugName>
                    <![CDATA[LIPOFEN]]>
                </drugName>
                <genericName>
                    <![CDATA[FENOFIBRATE]]>
                </genericName>
                <drugStrength>
                    <![CDATA[150MG]]>
                </drugStrength>
                <drugForm>
                    <![CDATA[CAPSULE]]>
                </drugForm>
                <mailDrug>
                    <brand>true</brand>
                    <commonDaysSupply>90</commonDaysSupply>
                    <commonDispensedQuantity>90.0</commonDispensedQuantity>
                    <deaClassCode>0</deaClassCode>
                    <gpiCode>39200025000124</gpiCode>
                    <maintenance>false</maintenance>
                    <ndcId>66869014730</ndcId>
                    <nhu>1</nhu>
                    <orangeCode>ZC</orangeCode>
                    <orangeDesc>
                        <![CDATA[PHARMACEUTICAL ENTITY AND LABELER EVALUATED BUT NO THERAPEUTIC EQUIVALENCE RATING GIVEN. USUALLY APPLIES TO SINGLE SOURCE DRUGS.]]>
                    </orangeDesc>
                    <packageSize>90.0</packageSize>
                    <speciality>false</speciality>
                    <status></status>
                </mailDrug>
                <retailDrug>
                    <brand>true</brand>
                    <commonDaysSupply>30</commonDaysSupply>
                    <commonDispensedQuantity>30.0</commonDispensedQuantity>
                    <deaClassCode>0</deaClassCode>
                    <gpiCode>39200025000124</gpiCode>
                    <maintenance>false</maintenance>
                    <ndcId>66869014730</ndcId>
                    <nhu>1</nhu>
                    <orangeCode>ZC</orangeCode>
                    <orangeDesc>
                        <![CDATA[PHARMACEUTICAL ENTITY AND LABELER EVALUATED BUT NO THERAPEUTIC EQUIVALENCE RATING GIVEN. USUALLY APPLIES TO SINGLE SOURCE DRUGS.]]>
                    </orangeDesc>
                    <packageSize>90.0</packageSize>
                    <speciality>false</speciality>
                </retailDrug>
            </drug>
            <drug>
                <drugName>
                    <![CDATA[LIPOIC ACID]]>
                </drugName>
                <genericName>
                    <![CDATA[DL-ALPHA LIPOIC ACID]]>
                </genericName>
                <drugStrength>
                    <![CDATA[Miscellaneous]]>
                </drugStrength>
                <drugForm>
                    <![CDATA[POWDER]]>
                </drugForm>
                <mailDrug>
                    <brand>false</brand>
                    <commonDaysSupply>0</commonDaysSupply>
                    <commonDispensedQuantity>0.0</commonDispensedQuantity>
                    <deaClassCode>0</deaClassCode>
                    <maintenance>false</maintenance>
                    <ndcId>0</ndcId>
                    <nhu>0</nhu>
                    <packageSize>0.0</packageSize>
                    <speciality>false</speciality>
                    <status></status>
                </mailDrug>
                <retailDrug>
                    <brand>true</brand>
                    <commonDaysSupply>30</commonDaysSupply>
                    <commonDispensedQuantity>60.0</commonDispensedQuantity>
                    <deaClassCode>0</deaClassCode>
                    <gpiCode>96426448302900</gpiCode>
                    <maintenance>false</maintenance>
                    <ndcId>51927278100</ndcId>
                    <nhu>1</nhu>
                    <orangeCode>ZB</orangeCode>
                    <orangeDesc>
                        <![CDATA[PARTICULAR PHARMACEUTICAL ENTITY WAS NOT EVALUATED.]]>
                    </orangeDesc>
                    <packageSize>1.0</packageSize>
                    <speciality>false</speciality>
                </retailDrug>
            </drug>
            <drug>
                <drugName>
                    <![CDATA[LIPOIL]]>
                </drugName>
                <genericName>
                    <![CDATA[LECITHIN/ISOPROPYL PALMITATE]]>
                </genericName>
                <drugStrength>
                    <![CDATA[Miscellaneous]]>
                </drugStrength>
                <drugForm>
                    <![CDATA[LIQUID]]>
                </drugForm>
                <mailDrug>
                    <brand>false</brand>
                    <commonDaysSupply>0</commonDaysSupply>
                    <commonDispensedQuantity>0.0</commonDispensedQuantity>
                    <deaClassCode>0</deaClassCode>
                    <maintenance>false</maintenance>
                    <ndcId>0</ndcId>
                    <nhu>0</nhu>
                    <packageSize>0.0</packageSize>
                    <speciality>false</speciality>
                    <status></status>
                </mailDrug>
                <retailDrug>
                    <brand>true</brand>
                    <commonDaysSupply>3</commonDaysSupply>
                    <commonDispensedQuantity>6.4</commonDispensedQuantity>
                    <deaClassCode>0</deaClassCode>
                    <gpiCode>98351023001700</gpiCode>
                    <maintenance>false</maintenance>
                    <ndcId>51552055006</ndcId>
                    <nhu>1</nhu>
                    <orangeCode>ZB</orangeCode>
                    <orangeDesc>
                        <![CDATA[PARTICULAR PHARMACEUTICAL ENTITY WAS NOT EVALUATED.]]>
                    </orangeDesc>
                    <packageSize>500.0</packageSize>
                    <speciality>false</speciality>
                </retailDrug>
            </drug>
            <drug>
                <drugName>
                    <![CDATA[lipo-flavonoid plus]]>
                </drugName>
                <genericName>
                    <![CDATA[BIOFLAV,LEMON/VIT BCOMP&C]]>
                </genericName>
                <drugStrength>
                    <![CDATA[200-100MG]]>
                </drugStrength>
                <drugForm>
                    <![CDATA[TABLET]]>
                </drugForm>
                <mailDrug>
                    <brand>false</brand>
                    <commonDaysSupply>0</commonDaysSupply>
                    <commonDispensedQuantity>0.0</commonDispensedQuantity>
                    <deaClassCode>0</deaClassCode>
                    <maintenance>false</maintenance>
                    <ndcId>0</ndcId>
                    <nhu>0</nhu>
                    <packageSize>0.0</packageSize>
                    <speciality>false</speciality>
                    <status>P</status>
                </mailDrug>
                <retailDrug>
                    <brand>false</brand>
                    <commonDaysSupply>30</commonDaysSupply>
                    <commonDispensedQuantity>90.0</commonDispensedQuantity>
                    <deaClassCode>0</deaClassCode>
                    <gpiCode>78520000000300</gpiCode>
                    <maintenance>false</maintenance>
                    <ndcId>89411050117</ndcId>
                    <nhu>3</nhu>
                    <orangeCode>ZB</orangeCode>
                    <orangeDesc>
                        <![CDATA[PARTICULAR PHARMACEUTICAL ENTITY WAS NOT EVALUATED.]]>
                    </orangeDesc>
                    <packageSize>100.0</packageSize>
                    <speciality>false</speciality>
                </retailDrug>
            </drug>
            <drug>
                <drugName>
                    <![CDATA[lipoflavonoid]]>
                </drugName>
                <genericName>
                    <![CDATA[BIOFLAV,LEMON/VIT BCOMP&C]]>
                </genericName>
                <drugStrength>
                    <![CDATA[Miscellaneous]]>
                </drugStrength>
                <drugForm>
                    <![CDATA[TABLET]]>
                </drugForm>
                <mailDrug>
                    <brand>false</brand>
                    <commonDaysSupply>0</commonDaysSupply>
                    <commonDispensedQuantity>0.0</commonDispensedQuantity>
                    <deaClassCode>0</deaClassCode>
                    <maintenance>false</maintenance>
                    <ndcId>0</ndcId>
                    <nhu>0</nhu>
                    <packageSize>0.0</packageSize>
                    <speciality>false</speciality>
                    <status>P</status>
                </mailDrug>
                <retailDrug>
                    <brand>false</brand>
                    <commonDaysSupply>30</commonDaysSupply>
                    <commonDispensedQuantity>60.0</commonDispensedQuantity>
                    <deaClassCode>0</deaClassCode>
                    <gpiCode>78520000000300</gpiCode>
                    <maintenance>false</maintenance>
                    <ndcId>38485050117</ndcId>
                    <nhu>3</nhu>
                    <orangeCode>ZB</orangeCode>
                    <orangeDesc>
                        <![CDATA[PARTICULAR PHARMACEUTICAL ENTITY WAS NOT EVALUATED.]]>
                    </orangeDesc>
                    <packageSize>100.0</packageSize>
                    <speciality>false</speciality>
                </retailDrug>
            </drug>
            <drug>
                <drugName>
                    <![CDATA[lipoflavovit]]>
                </drugName>
                <genericName>
                    <![CDATA[BIOFLAV,LEMON/VIT BCOMP&C]]>
                </genericName>
                <drugStrength>
                    <![CDATA[Miscellaneous]]>
                </drugStrength>
                <drugForm>
                    <![CDATA[TABLET]]>
                </drugForm>
                <mailDrug>
                    <brand>false</brand>
                    <commonDaysSupply>0</commonDaysSupply>
                    <commonDispensedQuantity>0.0</commonDispensedQuantity>
                    <deaClassCode>0</deaClassCode>
                    <maintenance>false</maintenance>
                    <ndcId>0</ndcId>
                    <nhu>0</nhu>
                    <packageSize>0.0</packageSize>
                    <speciality>false</speciality>
                    <status>P</status>
                </mailDrug>
                <retailDrug>
                    <brand>false</brand>
                    <commonDaysSupply>30</commonDaysSupply>
                    <commonDispensedQuantity>30.0</commonDispensedQuantity>
                    <deaClassCode>0</deaClassCode>
                    <gpiCode>78520000000300</gpiCode>
                    <maintenance>false</maintenance>
                    <ndcId>54859070501</ndcId>
                    <nhu>1</nhu>
                    <orangeCode>ZB</orangeCode>
                    <orangeDesc>
                        <![CDATA[PARTICULAR PHARMACEUTICAL ENTITY WAS NOT EVALUATED.]]>
                    </orangeDesc>
                    <packageSize>100.0</packageSize>
                    <speciality>false</speciality>
                </retailDrug>
            </drug>
        </drugDetailsList>
    </detail>
</response>