<?xml version="1.0" encoding="UTF-8"?>
<response>
    <header>
        <refId>Id-ad30a3531c100400830700003db9b8e3</refId>
        <operationName>drugSearch</operationName>
        <statusCode>0000</statusCode>
        <statusDesc>Success</statusDesc>
    </header>
    <detail>
        <drugSearchList>
            <drugName>Lipoic Acid</drugName>
            <drugName>Lipid Complex (ABLC) injection Amphotericin B </drugName>
            <drugName>Liposomal (LAmB) injection</drugName>
            <drugName>Lip Balm</drugName>
            <drugName>Liposomal</drugName>
            <drugName>Liposomal intrathecal injection</drugName>
            <drugName>Liposomal2 injection</drugName>
            <drugName>Liposomal injection</drugName>
            <drugName>Lipid</drugName>
            <drugName>Liposomal</drugName>
            <drugName>Lip Balm</drugName>
            <drugName>Lipase (Porcine)</drugName>
            <drugName>Lipitor</drugName>
            <drugName>Lipitor 10mg Tablet</drugName>
            <drugName>Lipitor 20mg Tablet</drugName>
            <drugName>Lipitor 40mg Tablet</drugName>
            <drugName>Lipitor 80mg Tablet</drugName>
            <drugName>Lipofen</drugName>
            <drugName>Lipogen</drugName>
            <drugName>Liposomal</drugName>
            <drugName>Liposyn II</drugName>
            <drugName>Liposyn III</drugName>
            <drugName>Lipid Microspheres</drugName>
            <drugName>Lipodystrophy</drugName>
            <drugName>Lipoidica diabeticorum</drugName>
        </drugSearchList>
    </detail>
</response>