<ECSReply duration="4236" status="SUCCESS" xmlns="http://service.ecs.caremark.com">
    <FindDistinctDrugNamesReply xmlns="http://service.ecs.caremark.com">
        <Drug>
            <abbreviatedProductName>LIPMOISTURIZER</abbreviatedProductName>
        </Drug>
        <Drug>
            <abbreviatedProductName>LIPISTART</abbreviatedProductName>
        </Drug>
        <Drug>
            <abbreviatedProductName>LIPITOR</abbreviatedProductName>
        </Drug>
        <Drug>
            <abbreviatedProductName>LIPOFLAVONOIDPLUS</abbreviatedProductName>
            <generic>true</generic>
        </Drug>
        <Drug>
            <abbreviatedProductName>LIPOCHOL</abbreviatedProductName>
        </Drug>
        <Drug>
            <abbreviatedProductName>LIPOCHOLPLUS</abbreviatedProductName>
        </Drug>
        <Drug>
            <abbreviatedProductName>LIPODOX</abbreviatedProductName>
            <generic>true</generic>
        </Drug>
        <Drug>
            <abbreviatedProductName>LIPOFEN</abbreviatedProductName>
        </Drug>
        <Drug>
            <abbreviatedProductName>LIPOFLAVONOID</abbreviatedProductName>
            <generic>true</generic>
        </Drug>
        <Drug>
            <abbreviatedProductName>LIPOFLAVOVIT</abbreviatedProductName>
            <generic>true</generic>
        </Drug>
        <Drug>
            <abbreviatedProductName>LIPOICACID</abbreviatedProductName>
        </Drug>
</FindDistinctDrugNamesReply>
</ECSReply>

