<!--<response>
    <header>
        <refId>Id-9b65d85417530500e3350000db3ca7be</refId>
        <operationName>getClaimDetails</operationName>
        <statusCode>0000</statusCode>
        <statusDesc>SUCCESS</statusDesc>
    </header>
    <details>
        <copayment>4533.00</copayment>
        <penalties>123.00</penalties>
        <clientPayAmount>23.00</clientPayAmount>
        <quantitiesSubmitted>90.00</quantitiesSubmitted>
        <daysSupplySubmitted>30.00</daysSupplySubmitted>
        <cobSegmentsExists>true</cobSegmentsExists >
        <versionNumber>abc1234</versionNumber>
    </details>
</response>-->
<response>
<header>
    <refId>Id-27377955312e0000042a0000f9656a96</refId>
    <statusCode>0000</statusCode>
    <statusDesc>Success</statusDesc>
</header>
<detail>
    <claimDetailAmounts>
        <clientPayAmount>0.0</clientPayAmount>
        <cobSegmentsExists>false</cobSegmentsExists>
        <copayment>0.0</copayment>
        <daysSupplySubmitted>0.0</daysSupplySubmitted>
        <deductible>0.0</deductible>
        <penalties>0.0</penalties>
        <quantitiesSubmitted>0.0</quantitiesSubmitted>
    </claimDetailAmounts>
</detail>
</response>
