<getDrugIndicationsResponse>
    <execMetrics>
        <serviceType>Web Service</serviceType>
        <serviceName>getDrugIndications</serviceName>
        <serviceVersion>1_0</serviceVersion>
        <auditId>a05d136b0a5d442b494a41ae1d88db63</auditId>
        <timeIn>2015-05-29T10:49:23.923-05:00</timeIn>
        <timeOut>2015-05-29T10:49:23.969-05:00</timeOut>
        <executionTime>45</executionTime>
    </execMetrics>
    <errorInfo xsi:nil="true" xmlns:xsi="http://www.w3.org/2001/XMLSchema-instance"/>
    <errorDetail xsi:nil="true" xmlns:xsi="http://www.w3.org/2001/XMLSchema-instance"/>
    <referenceId>a05d136b0a5d442b494a41ae1d88db63</referenceId>
    <classificationId>10</classificationId>
    <drugIndications>
        <crossClass>true</crossClass>
        <phase xsi:nil="true" xmlns:xsi="http://www.w3.org/2001/XMLSchema-instance"/>
        <default>true</default>
        <description>Depression</description>
        <indicationId>10</indicationId>
    </drugIndications>
    <drugIndications>
        <crossClass>true</crossClass>
        <phase xsi:nil="true" xmlns:xsi="http://www.w3.org/2001/XMLSchema-instance"/>
        <default>false</default>
        <description>Blood Pressure</description>
        <indicationId>11</indicationId>
    </drugIndications>
</getDrugIndicationsResponse>