<response>
    <header>
        <refId>Id-9b65d85417530500e3350000db3ca7be</refId>
        <operationName>getDrugDetails</operationName>
        <statusCode>0000</statusCode>
        <statusDesc>Success</statusDesc>
    </header>
    <detail>
        <drugDetailsList>
            <drug>
                <drugName><![CDATA[LESCOL]]></drugName>
                <genericName><![CDATA[FLUVASTATIN SODIUM]]></genericName>
                <drugStrength><![CDATA[20MG]]></drugStrength>
                <drugForm><![CDATA[CAPSULE]]></drugForm>
                <mailDrug>
                    <brand>true</brand>
                    <commonDaysSupply>90</commonDaysSupply>
                    <commonDispensedQuantity>90.0</commonDispensedQuantity>
                    <deaClassCode>0</deaClassCode>
                    <gpiCode>39400030100120</gpiCode>
                    <maintenance>true</maintenance>
                    <ndcId>78017605</ndcId>
                    <nhu>1</nhu>
                    <orangeCode>AB</orangeCode>
                    <orangeDesc><![CDATA[PRODUCTS MEETING NECESSARY BIOEQUIVALENCE REQUIREMENTS.]]></orangeDesc>
                    <packageSize>100.0</packageSize>
                    <speciality>false</speciality>
                    <status>O</status>
                </mailDrug>
                <retailDrug>
                    <brand>true</brand>
                    <commonDaysSupply>30</commonDaysSupply>
                    <commonDispensedQuantity>30.0</commonDispensedQuantity>
                    <deaClassCode>0</deaClassCode>
                    <gpiCode>39400030100120</gpiCode>
                    <maintenance>true</maintenance>
                    <ndcId>0</ndcId>
                    <nhu>1</nhu>
                    <orangeCode>AB</orangeCode>
                    <orangeDesc><![CDATA[PRODUCTS MEETING NECESSARY BIOEQUIVALENCE REQUIREMENTS.]]></orangeDesc>
                    <packageSize>100.0</packageSize>
                    <speciality>false</speciality>
                </retailDrug>
            </drug>
            <drug>
                <drugName><![CDATA[LESCOL]]></drugName>
                <genericName><![CDATA[FLUVASTATIN SODIUM]]></genericName>
                <drugStrength><![CDATA[40MG]]></drugStrength>
                <drugForm><![CDATA[CAPSULE]]></drugForm>
                <mailDrug>
                    <brand>true</brand>
                    <commonDaysSupply>90</commonDaysSupply>
                    <commonDispensedQuantity>90.0</commonDispensedQuantity>
                    <deaClassCode>0</deaClassCode>
                    <gpiCode>39400030100140</gpiCode>
                    <maintenance>true</maintenance>
                    <ndcId>78023405</ndcId>
                    <nhu>1</nhu>
                    <orangeCode>AB</orangeCode>
                    <orangeDesc><![CDATA[PRODUCTS MEETING NECESSARY BIOEQUIVALENCE REQUIREMENTS.]]></orangeDesc>
                    <packageSize>100.0</packageSize>
                    <speciality>false</speciality>
                    <status>O</status>
                </mailDrug>
                <retailDrug>
                    <brand>true</brand>
                    <commonDaysSupply>30</commonDaysSupply>
                    <commonDispensedQuantity>30.0</commonDispensedQuantity>
                    <deaClassCode>0</deaClassCode>
                    <gpiCode>39400030100140</gpiCode>
                    <maintenance>true</maintenance>
                    <ndcId>78023405</ndcId>
                    <nhu>1</nhu>
                    <orangeCode>AB</orangeCode>
                    <orangeDesc><![CDATA[PRODUCTS MEETING NECESSARY BIOEQUIVALENCE REQUIREMENTS.]]></orangeDesc>
                    <packageSize>100.0</packageSize>
                    <speciality>false</speciality>
                </retailDrug>
            </drug>
            <drug>
                <drugName><![CDATA[fluvastatin sodium]]></drugName>
                <genericName><![CDATA[FLUVASTATIN]]></genericName>
                <drugStrength><![CDATA[20MG]]></drugStrength>
                <drugForm><![CDATA[CAPSULE]]></drugForm>
                <mailDrug>
                    <brand>false</brand>
                    <commonDaysSupply>90</commonDaysSupply>
                    <commonDispensedQuantity>90.0</commonDispensedQuantity>
                    <deaClassCode>0</deaClassCode>
                    <gpiCode>39400030100120</gpiCode>
                    <maintenance>true</maintenance>
                    <ndcId>378802077</ndcId>
                    <nhu>1</nhu>
                    <orangeCode>AB</orangeCode>
                    <orangeDesc><![CDATA[PRODUCTS MEETING NECESSARY BIOEQUIVALENCE REQUIREMENTS.]]></orangeDesc>
                    <packageSize>90.0</packageSize>
                    <speciality>false</speciality>
                    <status>P</status>
                </mailDrug>
                <retailDrug>
                    <brand>false</brand>
                    <commonDaysSupply>30</commonDaysSupply>
                    <commonDispensedQuantity>30.0</commonDispensedQuantity>
                    <deaClassCode>0</deaClassCode>
                    <gpiCode>39400030100120</gpiCode>
                    <maintenance>true</maintenance>
                    <ndcId>378802093</ndcId>
                    <nhu>1</nhu>
                    <orangeCode>AB</orangeCode>
                    <orangeDesc><![CDATA[PRODUCTS MEETING NECESSARY BIOEQUIVALENCE REQUIREMENTS.]]></orangeDesc>
                    <packageSize>30.0</packageSize>
                    <speciality>false</speciality>
                </retailDrug>
            </drug>
            <drug>
                <drugName><![CDATA[fluvastatin sodium]]></drugName>
                <genericName><![CDATA[FLUVASTATIN]]></genericName>
                <drugStrength><![CDATA[40MG]]></drugStrength>
                <drugForm><![CDATA[CAPSULE]]></drugForm>
                <mailDrug>
                    <brand>false</brand>
                    <commonDaysSupply>90</commonDaysSupply>
                    <commonDispensedQuantity>90.0</commonDispensedQuantity>
                    <deaClassCode>0</deaClassCode>
                    <gpiCode>39400030100140</gpiCode>
                    <maintenance>true</maintenance>
                    <ndcId>378802177</ndcId>
                    <nhu>1</nhu>
                    <orangeCode>AB</orangeCode>
                    <orangeDesc><![CDATA[PRODUCTS MEETING NECESSARY BIOEQUIVALENCE REQUIREMENTS.]]></orangeDesc>
                    <packageSize>90.0</packageSize>
                    <speciality>false</speciality>
                    <status>P</status>
                </mailDrug>
                <retailDrug>
                    <brand>false</brand>
                    <commonDaysSupply>30</commonDaysSupply>
                    <commonDispensedQuantity>30.0</commonDispensedQuantity>
                    <deaClassCode>0</deaClassCode>
                    <gpiCode>39400030100140</gpiCode>
                    <maintenance>true</maintenance>
                    <ndcId>378802193</ndcId>
                    <nhu>1</nhu>
                    <orangeCode>AB</orangeCode>
                    <orangeDesc><![CDATA[PRODUCTS MEETING NECESSARY BIOEQUIVALENCE REQUIREMENTS.]]></orangeDesc>
                    <packageSize>30.0</packageSize>
                    <speciality>false</speciality>
                </retailDrug>
            </drug>
            <drug>
                <drugName><![CDATA[lessina]]></drugName>
                <genericName><![CDATA[LEVONORGESTREL-ETHIN ESTRADIOL]]></genericName>
                <drugStrength><![CDATA[0.1-0.02]]></drugStrength>
                <drugForm><![CDATA[TABLET]]></drugForm>
                <mailDrug>
                    <brand>false</brand>
                    <commonDaysSupply>84</commonDaysSupply>
                    <commonDispensedQuantity>84.0</commonDispensedQuantity>
                    <deaClassCode>0</deaClassCode>
                    <gpiCode>25990002400305</gpiCode>
                    <maintenance>true</maintenance>
                    <ndcId>555901467</ndcId>
                    <nhu>1</nhu>
                    <orangeCode>AB</orangeCode>
                    <orangeDesc><![CDATA[PRODUCTS MEETING NECESSARY BIOEQUIVALENCE REQUIREMENTS.]]></orangeDesc>
                    <packageSize>28.0</packageSize>
                    <speciality>false</speciality>
                    <status>P</status>
                </mailDrug>
                <retailDrug>
                    <brand>false</brand>
                    <commonDaysSupply>28</commonDaysSupply>
                    <commonDispensedQuantity>28.0</commonDispensedQuantity>
                    <deaClassCode>0</deaClassCode>
                    <gpiCode>25990002400305</gpiCode>
                    <maintenance>true</maintenance>
                    <ndcId>555901467</ndcId>
                    <nhu>1</nhu>
                    <orangeCode>AB</orangeCode>
                    <orangeDesc><![CDATA[PRODUCTS MEETING NECESSARY BIOEQUIVALENCE REQUIREMENTS.]]></orangeDesc>
                    <packageSize>28.0</packageSize>
                    <speciality>false</speciality>
                </retailDrug>
            </drug>
            <drug>
                <drugName><![CDATA[LESCOL XL]]></drugName>
                <genericName><![CDATA[FLUVASTATIN SODIUM]]></genericName>
                <drugStrength><![CDATA[80MG]]></drugStrength>
                <drugForm><![CDATA[TABLET ER 24H]]></drugForm>
                <mailDrug>
                    <brand>true</brand>
                    <commonDaysSupply>90</commonDaysSupply>
                    <commonDispensedQuantity>90.0</commonDispensedQuantity>
                    <deaClassCode>0</deaClassCode>
                    <gpiCode>39400030107530</gpiCode>
                    <maintenance>true</maintenance>
                    <ndcId>78035405</ndcId>
                    <nhu>1</nhu>
                    <orangeCode>ZC</orangeCode>
                    <orangeDesc><![CDATA[PHARMACEUTICAL ENTITY AND LABELER EVALUATED BUT NO THERAPEUTIC EQUIVALENCE RATING GIVEN. USUALLY APPLIES TO SINGLE SOURCE DRUGS.]]></orangeDesc>
                    <packageSize>100.0</packageSize>
                    <speciality>false</speciality>
                    <status>O</status>
                </mailDrug>
                <retailDrug>
                    <brand>true</brand>
                    <commonDaysSupply>30</commonDaysSupply>
                    <commonDispensedQuantity>30.0</commonDispensedQuantity>
                    <deaClassCode>0</deaClassCode>
                    <gpiCode>39400030107530</gpiCode>
                    <maintenance>true</maintenance>
                    <ndcId>78035415</ndcId>
                    <nhu>1</nhu>
                    <orangeCode>ZC</orangeCode>
                    <orangeDesc><![CDATA[PHARMACEUTICAL ENTITY AND LABELER EVALUATED BUT NO THERAPEUTIC EQUIVALENCE RATING GIVEN. USUALLY APPLIES TO SINGLE SOURCE DRUGS.]]></orangeDesc>
                    <packageSize>30.0</packageSize>
                    <speciality>false</speciality>
                </retailDrug>
            </drug>
        </drugDetailsList>
    </detail>
</response>
