<response>
    <header>
        <refId>Id-3bbca153e73d0200770700004d2a9459</refId>
        <operationName>getInfo</operationName>
        <statusCode>0000</statusCode>
        <statusDesc>Success</statusDesc>
    </header>
    <detail>
        <infoList>
            <info>
                <ID>1</ID>
                <name>selected drug</name>
                <content>This is a dummy information data to be processed for selected drug</content>
            </info>
			<info>
                <ID>2</ID>
                <name>selected drug2</name>
                <content>This is a dummy information data to be processed for selected drug2</content>
            </info>
			<info>
                <ID>3</ID>
                <name>selected drug3</name>
                <content>This is a dummy information data to be processed for selected drug3</content>
            </info>
        </infoList>
    </detail>
</response>

 