<!--
<?xml version="1.0" encoding="UTF-8"?>
<GSMAlchemyResponse>
    <ContentPatientEducation>
        <PatientEducationSheetID>1000</PatientEducationSheetID>
        <GenericProductClinicalID>2765</GenericProductClinicalID>
        <CPNum>672</CPNum>
        <SheetName>Atorvastatin Calcium Oral tablet</SheetName>
        <DescriptionHeader>What is this medicine?</DescriptionHeader>
        <Description>ATORVASTATIN (a TORE va sta tin) is known as a HMG-CoA reductase inhibitor or 'statin'. It lowers the level of cholesterol and triglycerides in the blood. This drug may also reduce the risk of heart attack, stroke, or other health problems in patients with risk factors for heart disease. Diet and lifestyle changes are often used with this drug.</Description>
        <DescriptionFooter>This medicine may be used for other purposes; ask your health care provider or pharmacist if you have questions.</DescriptionFooter>
        <ContraindicationsHeader>What should I tell my health care provider before I take this medicine?</ContraindicationsHeader>
        <Contraindications>They need to know if you have any of these conditions:
            -frequently drink alcoholic beverages
            -history of stroke, TIA
            -kidney disease
            -liver disease
            -muscle aches or weakness
            -other medical condition
            -an unusual or allergic reaction to atorvastatin, other medicines, foods, dyes, or preservatives
            -pregnant or trying to get pregnant
            -breast-feeding</Contraindications>
        <ContraindicationsFooter />
        <AdministrationHeader>How should I use this medicine?</AdministrationHeader>
        <Administration>Take this medicine by mouth with a glass of water. Follow the directions on the prescription label. You can take this medicine with or without food. Take your doses at regular intervals. Do not take your medicine more often than directed.

            Talk to your pediatrician regarding the use of this medicine in children. While this drug may be prescribed for children as young as 10 years old for selected conditions, precautions do apply.</Administration>
        <AdministrationFooter>Overdosage: If you think you have taken too much of this medicine contact a poison control center or emergency room at once.
            NOTE: This medicine is only for you. Do not share this medicine with others.</AdministrationFooter>
        <MissedDoseHeader>What if I miss a dose?</MissedDoseHeader>
        <MissedDose>If you miss a dose, take it as soon as you can. If it is almost time for your next dose, take only that dose. Do not take double or extra doses.</MissedDose>
        <MissedDoseFooter />
        <InteractionsHeader>What may interact with this medicine?</InteractionsHeader>
        <Interactions>Do not take this medicine with any of the following medications:
            -red yeast rice
            -telaprevir
            -telithromycin
            -voriconazole

            This medicine may also interact with the following medications:
            -alcohol
            -antiviral medicines for HIV or AIDS
            -boceprevir
            -certain antibiotics like clarithromycin, erythromycin, troleandomycin
            -certain medicines for cholesterol like fenofibrate or gemfibrozil
            -cimetidine
            -clarithromycin
            -colchicine
            -cyclosporine
            -digoxin
            -female hormones, like estrogens or progestins and birth control pills
            -grapefruit juice
            -medicines for fungal infections like fluconazole, itraconazole, ketoconazole
            -niacin
            -rifampin
            -spironolactone</Interactions>
        <InteractionsFooter>This list may not describe all possible interactions. Give your health care provider a list of all the medicines, herbs, non-prescription drugs, or dietary supplements you use. Also tell them if you smoke, drink alcohol, or use illegal drugs. Some items may interact with your medicine.</InteractionsFooter>
        <MonitoringHeader>What should I watch for while using this medicine?</MonitoringHeader>
        <Monitoring>Visit your doctor or health care professional for regular check-ups. You may need regular tests to make sure your liver is working properly.

            Tell your doctor or health care professional right away if you get any unexplained muscle pain, tenderness, or weakness, especially if you also have a fever and tiredness. Your doctor or health care professional may tell you to stop taking this medicine if you develop muscle problems. If your muscle problems do not go away after stopping this medicine, contact your health care professional.

            This drug is only part of a total heart-health program. Your doctor or a dietician can suggest a low-cholesterol and low-fat diet to help. Avoid alcohol and smoking, and keep a proper exercise schedule.

            Do not use this drug if you are pregnant or breast-feeding. Serious side effects to an unborn child or to an infant are possible. Talk to your doctor or pharmacist for more information.

            This medicine may affect blood sugar levels. If you have diabetes, check with your doctor or health care professional before you change your diet or the dose of your diabetic medicine.

            If you are going to have surgery tell your health care professional that you are taking this drug.</Monitoring>
        <MonitoringFooter />
        <SideEffectsHeader>What side effects may I notice from receiving this medicine?</SideEffectsHeader>
        <SideEffects>Side effects that you should report to your doctor or health care professional as soon as possible:
            -allergic reactions like skin rash, itching or hives, swelling of the face, lips, or tongue
            -dark urine
            -fever
            -joint pain
            -muscle cramps, pain
            -redness, blistering, peeling or loosening of the skin, including inside the mouth
            -trouble passing urine or change in the amount of urine
            -unusually weak or tired
            -yellowing of eyes or skin

            Side effects that usually do not require medical attention (report to your doctor or health care professional if they continue or are bothersome):
            -constipation
            -heartburn
            -stomach gas, pain, upset</SideEffects>
        <SideEffectsFooter>This list may not describe all possible side effects. Call your doctor for medical advice about side effects. You may report side effects to FDA at 1-800-FDA-1088.</SideEffectsFooter>
        <StorageHeader>Where should I keep my medicine?</StorageHeader>
        <Storage>Keep out of the reach of children.

            Store at room temperature between 20 to 25 degrees C (68 to 77 degrees F). Throw away any unused medicine after the expiration date.</Storage>
        <StorageFooter>NOTE: This sheet is a summary. It may not cover all possible information. If you have questions about this medicine, talk to your doctor, pharmacist, or health care provider.</StorageFooter>
        <LastUpdated>2012-11-06</LastUpdated>
    </ContentPatientEducation>
    <ListProducts>
        <Product>
            <AlchemyProductID>30378</AlchemyProductID>
            <ProductNameLong>Lipitor 80mg Tablet</ProductNameLong>
            <ProductNameType>Trademarked Name</ProductNameType>
            <ProductNameShort>Lipitor 80mg Tab</ProductNameShort>
            <Marketer>Pfizer US Pharmaceuticals</Marketer>
            <LegendStatus>Rx</LegendStatus>
            <BrandGenericStatus>Brand</BrandGenericStatus>
            <FederalDEAClass>NA</FederalDEAClass>
            <MarketStatus>OnMarket</MarketStatus>
            <LicenseType>NDA</LicenseType>
        </Product>
        <Product>
            <AlchemyProductID>45049</AlchemyProductID>
            <ProductNameLong>Lipitor 80mg Tablet</ProductNameLong>
            <ProductNameType>Trademarked Name</ProductNameType>
            <ProductNameShort>Lipitor 80mg Tab</ProductNameShort>
            <Marketer>PD-RX</Marketer>
            <LegendStatus>Rx</LegendStatus>
            <BrandGenericStatus>Brand</BrandGenericStatus>
            <FederalDEAClass>NA</FederalDEAClass>
            <MarketStatus>OnMarket</MarketStatus>
            <LicenseType>NDA</LicenseType>
        </Product>
    </ListProducts>
    <ListProductImages>
        <ProductImage>
            <ImageId>6932</ImageId>
            <ImageType>drug_item</ImageType>
        </ProductImage>
    </ListProductImages>
</GSMAlchemyResponse>-->
<response>
    <header>
        <statusCode>0000</statusCode>
        <statusDesc>SUCCESS</statusDesc>
        <refId>Id-c94579557d5800000d2a000074261b20</refId>
    </header>
    <detail><ContentPatientEducation><PatientEducationSheetID>1000</PatientEducationSheetID><GenericProductClinicalID>2765</GenericProductClinicalID><CPNum>672</CPNum><SheetName>Atorvastatin Calcium Oral tablet</SheetName><DescriptionHeader>What is this medicine?</DescriptionHeader><Description>ATORVASTATIN (a TORE va sta tin) is known as a HMG-CoA reductase inhibitor or 'statin'. It lowers the level of cholesterol and triglycerides in the blood. This drug may also reduce the risk of heart attack, stroke, or other health problems in patients with risk factors for heart disease. Diet and lifestyle changes are often used with this drug.</Description><DescriptionFooter>This medicine may be used for other purposes; ask your health care provider or pharmacist if you have questions.</DescriptionFooter><ContraindicationsHeader>What should I tell my health care provider before I take this medicine?</ContraindicationsHeader><Contraindications>They need to know if you have any of these conditions:&#13;
        -frequently drink alcoholic beverages&#13;
        -history of stroke, TIA&#13;
        -kidney disease&#13;
        -liver disease&#13;
        -muscle aches or weakness&#13;
        -other medical condition&#13;
        -an unusual or allergic reaction to atorvastatin, other medicines, foods, dyes, or preservatives&#13;
        -pregnant or trying to get pregnant&#13;
        -breast-feeding</Contraindications><ContraindicationsFooter/><AdministrationHeader>How should I use this medicine?</AdministrationHeader><Administration>Take this medicine by mouth with a glass of water. Follow the directions on the prescription label. You can take this medicine with or without food. Take your doses at regular intervals. Do not take your medicine more often than directed.&#13;
        &#13;
        Talk to your pediatrician regarding the use of this medicine in children. While this drug may be prescribed for children as young as 10 years old for selected conditions, precautions do apply.</Administration><AdministrationFooter>Overdosage: If you think you have taken too much of this medicine contact a poison control center or emergency room at once.&#13;
        NOTE: This medicine is only for you. Do not share this medicine with others.</AdministrationFooter><MissedDoseHeader>What if I miss a dose?</MissedDoseHeader><MissedDose>If you miss a dose, take it as soon as you can. If it is almost time for your next dose, take only that dose. Do not take double or extra doses.</MissedDose><MissedDoseFooter/><InteractionsHeader>What may interact with this medicine?</InteractionsHeader><Interactions>Do not take this medicine with any of the following medications:&#13;
        -red yeast rice&#13;
        -telaprevir&#13;
        -telithromycin&#13;
        -voriconazole&#13;
        &#13;
        This medicine may also interact with the following medications:&#13;
        -alcohol&#13;
        -antiviral medicines for HIV or AIDS&#13;
        -boceprevir&#13;
        -certain antibiotics like clarithromycin, erythromycin, troleandomycin&#13;
        -certain medicines for cholesterol like fenofibrate or gemfibrozil&#13;
        -cimetidine&#13;
        -clarithromycin&#13;
        -colchicine&#13;
        -cyclosporine&#13;
        -digoxin&#13;
        -female hormones, like estrogens or progestins and birth control pills&#13;
        -grapefruit juice&#13;
        -medicines for fungal infections like fluconazole, itraconazole, ketoconazole&#13;
        -niacin&#13;
        -rifampin&#13;
        -spironolactone</Interactions><InteractionsFooter>This list may not describe all possible interactions. Give your health care provider a list of all the medicines, herbs, non-prescription drugs, or dietary supplements you use. Also tell them if you smoke, drink alcohol, or use illegal drugs. Some items may interact with your medicine.</InteractionsFooter><MonitoringHeader>What should I watch for while using this medicine?</MonitoringHeader><Monitoring>Visit your doctor or health care professional for regular check-ups. You may need regular tests to make sure your liver is working properly.&#13;
        &#13;
        Tell your doctor or health care professional right away if you get any unexplained muscle pain, tenderness, or weakness, especially if you also have a fever and tiredness. Your doctor or health care professional may tell you to stop taking this medicine if you develop muscle problems. If your muscle problems do not go away after stopping this medicine, contact your health care professional.&#13;
        &#13;
        This drug is only part of a total heart-health program. Your doctor or a dietician can suggest a low-cholesterol and low-fat diet to help. Avoid alcohol and smoking, and keep a proper exercise schedule.&#13;
        &#13;
        Do not use this drug if you are pregnant or breast-feeding. Serious side effects to an unborn child or to an infant are possible. Talk to your doctor or pharmacist for more information.&#13;
        &#13;
        This medicine may affect blood sugar levels. If you have diabetes, check with your doctor or health care professional before you change your diet or the dose of your diabetic medicine.&#13;
        &#13;
        If you are going to have surgery tell your health care professional that you are taking this drug.</Monitoring><MonitoringFooter/><SideEffectsHeader>What side effects may I notice from receiving this medicine?</SideEffectsHeader><SideEffects>Side effects that you should report to your doctor or health care professional as soon as possible:&#13;
        -allergic reactions like skin rash, itching or hives, swelling of the face, lips, or tongue&#13;
        -dark urine&#13;
        -fever&#13;
        -joint pain&#13;
        -muscle cramps, pain&#13;
        -redness, blistering, peeling or loosening of the skin, including inside the mouth&#13;
        -trouble passing urine or change in the amount of urine&#13;
        -unusually weak or tired&#13;
        -yellowing of eyes or skin&#13;
        &#13;
        Side effects that usually do not require medical attention (report to your doctor or health care professional if they continue or are bothersome):&#13;
        -constipation&#13;
        -heartburn&#13;
        -stomach gas, pain, upset</SideEffects><SideEffectsFooter>This list may not describe all possible side effects. Call your doctor for medical advice about side effects. You may report side effects to FDA at 1-800-FDA-1088.</SideEffectsFooter><StorageHeader>Where should I keep my medicine?</StorageHeader><Storage>Keep out of the reach of children.&#13;
        &#13;
        Store at room temperature between 20 to 25 degrees C (68 to 77 degrees F). Throw away any unused medicine after the expiration date.</Storage><StorageFooter>NOTE: This sheet is a summary. It may not cover all possible information. If you have questions about this medicine, talk to your doctor, pharmacist, or health care provider.</StorageFooter><LastUpdated>2012-11-06</LastUpdated></ContentPatientEducation><ListProducts/><ListProductImages><ProductImage><AlchemyProductID/></ProductImage></ListProductImages></detail>
</response>





