<!-- <response>
    <header>
        <refId>Id-ad30a3531c100400830700003db9b8e3</refId>
        <operationName>Pharmacy Search</operationName>
        <statusCode>0000</statusCode>
        <statusDesc>Success</statusDesc>
    </header>
<detail>
        <pharmacyList>
              <pharmacyName>CVS Pharmacy1</pharmacyName>
              <pharmacyName>CVS Pharmacy2</pharmacyName>
              <pharmacyName>CVS Pharmacy3</pharmacyName>
              <pharmacyName>CVS Pharmacy4</pharmacyName>
              <pharmacyName>CVS Pharmacy5</pharmacyName>
              <pharmacyName>CVS Pharmacy6</pharmacyName>
              <pharmacyName>CVS Pharmacy7</pharmacyName>
              <pharmacyName>CVS Pharmacy8</pharmacyName>
              <pharmacyName>CVS Pharmacy9</pharmacyName>
              <pharmacyName>CVS Pharmacy10</pharmacyName>
              <pharmacyName>CVS Pharmacy11</pharmacyName>
              <pharmacyName>CVS Pharmacy12</pharmacyName>
              <pharmacyName>CVS Pharmacy13</pharmacyName>
              <pharmacyName>CVS Pharmacy14</pharmacyName>
              <pharmacyName>CVS Pharmacy15</pharmacyName>
              <pharmacyName>CVS Pharmacy16</pharmacyName>
              <pharmacyName>CVS Pharmacy17</pharmacyName>
              <pharmacyName>CVS Pharmacy18</pharmacyName>
              <pharmacyName>CVS Pharmacy19</pharmacyName>
              <pharmacyName>CVS Pharmacy20</pharmacyName>

        </pharmacyList>
</detail>
</response>
 -->

 <response>
    <header>
        <refId>Id-61b66152996f0100790000001f236476</refId>
        <operationName>pharmacyLocator</operationName>
        <statusCode>0000</statusCode>
        <statusDesc>Success</statusDesc>
    </header>
 <details>
      <pharmacyList>
              <pharmacy>
               <pharmacyName>cvs Pharmacy 1</pharmacyName>
                <ncpdpId>Jame</ncpdpId>
                <npi>Martin</npi>
                <storeId>m</storeId>
                <address></address>
                <city></city>
                <state></state>
                <zipCode> </zipCode>
                 <phoneNumber>m</phoneNumber>
                <distance></distance>
                <directions></directions>
                <mapURL></mapURL>
                <latitude> </latitude>
                <longitude></longitude>
                <preferred></preferred>
                <mChoice> </mChoice>
                <nintyDayRetail></nintyDayRetail>
                <mandatoryRetail90DaySupply></mandatoryRetail90DaySupply>
               <vaccineNetwork> </vaccineNetwork>
            </pharmacy>

            <pharmacy>
               <pharmacyName>cvs Pharmacy 2</pharmacyName>
                <ncpdpId>Jame</ncpdpId>
                <npi>Martin</npi>
                <storeId>m</storeId>
                <address></address>
                <city></city>
                <state></state>
                <zipCode> </zipCode>
                 <phoneNumber>m</phoneNumber>
                <distance></distance>
                <directions></directions>
                <mapURL></mapURL>
                <latitude> </latitude>
                <longitude></longitude>
                <preferred></preferred>
                <mChoice> </mChoice>
                <nintyDayRetail></nintyDayRetail>
                <mandatoryRetail90DaySupply></mandatoryRetail90DaySupply>
               <vaccineNetwork> </vaccineNetwork>
            </pharmacy>

            <pharmacy>
               <pharmacyName>cvs Pharmacy 3</pharmacyName>
                <ncpdpId>Jame</ncpdpId>
                <npi>Martin</npi>
                <storeId>m</storeId>
                <address></address>
                <city></city>
                <state></state>
                <zipCode> </zipCode>
                 <phoneNumber>m</phoneNumber>
                <distance></distance>
                <directions></directions>
                <mapURL></mapURL>
                <latitude> </latitude>
                <longitude></longitude>
                <preferred></preferred>
                <mChoice> </mChoice>
                <nintyDayRetail></nintyDayRetail>
                <mandatoryRetail90DaySupply></mandatoryRetail90DaySupply>
               <vaccineNetwork> </vaccineNetwork>
            </pharmacy>
            <pharmacy>
               <pharmacyName>cvs Pharmacy 4</pharmacyName>
                <ncpdpId>Jame</ncpdpId>
                <npi>Martin</npi>
                <storeId>m</storeId>
                <address></address>
                <city></city>
                <state></state>
                <zipCode> </zipCode>
                 <phoneNumber>m</phoneNumber>
                <distance></distance>
                <directions></directions>
                <mapURL></mapURL>
                <latitude> </latitude>
                <longitude></longitude>
                <preferred></preferred>
                <mChoice> </mChoice>
                <nintyDayRetail></nintyDayRetail>
                <mandatoryRetail90DaySupply></mandatoryRetail90DaySupply>
               <vaccineNetwork> </vaccineNetwork>
            </pharmacy>
            <pharmacy>
               <pharmacyName>cvs Pharmacy 5</pharmacyName>
                <ncpdpId>Jame</ncpdpId>
                <npi>Martin</npi>
                <storeId>m</storeId>
                <address></address>
                <city></city>
                <state></state>
                <zipCode> </zipCode>
                 <phoneNumber>m</phoneNumber>
                <distance></distance>
                <directions></directions>
                <mapURL></mapURL>
                <latitude> </latitude>
                <longitude></longitude>
                <preferred></preferred>
                <mChoice> </mChoice>
                <nintyDayRetail></nintyDayRetail>
                <mandatoryRetail90DaySupply></mandatoryRetail90DaySupply>
               <vaccineNetwork> </vaccineNetwork>
            </pharmacy>
            <pharmacy>
               <pharmacyName>cvs Pharmacy 6</pharmacyName>
                <ncpdpId>Jame</ncpdpId>
                <npi>Martin</npi>
                <storeId>m</storeId>
                <address></address>
                <city></city>
                <state></state>
                <zipCode> </zipCode>
                 <phoneNumber>m</phoneNumber>
                <distance></distance>
                <directions></directions>
                <mapURL></mapURL>
                <latitude> </latitude>
                <longitude></longitude>
                <preferred></preferred>
                <mChoice> </mChoice>
                <nintyDayRetail></nintyDayRetail>
                <mandatoryRetail90DaySupply></mandatoryRetail90DaySupply>
               <vaccineNetwork> </vaccineNetwork>
            </pharmacy>
            <pharmacy>
               <pharmacyName>cvs Pharmacy 7</pharmacyName>
                <ncpdpId>Jame</ncpdpId>
                <npi>Martin</npi>
                <storeId>m</storeId>
                <address></address>
                <city></city>
                <state></state>
                <zipCode> </zipCode>
                 <phoneNumber>m</phoneNumber>
                <distance></distance>
                <directions></directions>
                <mapURL></mapURL>
                <latitude> </latitude>
                <longitude></longitude>
                <preferred></preferred>
                <mChoice> </mChoice>
                <nintyDayRetail></nintyDayRetail>
                <mandatoryRetail90DaySupply></mandatoryRetail90DaySupply>
               <vaccineNetwork> </vaccineNetwork>
            </pharmacy>
            <pharmacy>
               <pharmacyName>cvs Pharmacy 8</pharmacyName>
                <ncpdpId>Jame</ncpdpId>
                <npi>Martin</npi>
                <storeId>m</storeId>
                <address></address>
                <city></city>
                <state></state>
                <zipCode> </zipCode>
                 <phoneNumber>m</phoneNumber>
                <distance></distance>
                <directions></directions>
                <mapURL></mapURL>
                <latitude> </latitude>
                <longitude></longitude>
                <preferred></preferred>
                <mChoice> </mChoice>
                <nintyDayRetail></nintyDayRetail>
                <mandatoryRetail90DaySupply></mandatoryRetail90DaySupply>
               <vaccineNetwork> </vaccineNetwork>
            </pharmacy>
            <pharmacy>
               <pharmacyName>cvs Pharmacy 9</pharmacyName>
                <ncpdpId>Jame</ncpdpId>
                <npi>Martin</npi>
                <storeId>m</storeId>
                <address></address>
                <city></city>
                <state></state>
                <zipCode> </zipCode>
                 <phoneNumber>m</phoneNumber>
                <distance></distance>
                <directions></directions>
                <mapURL></mapURL>
                <latitude> </latitude>
                <longitude></longitude>
                <preferred></preferred>
                <mChoice> </mChoice>
                <nintyDayRetail></nintyDayRetail>
                <mandatoryRetail90DaySupply></mandatoryRetail90DaySupply>
               <vaccineNetwork> </vaccineNetwork>
            </pharmacy>
            <pharmacy>
               <pharmacyName>12cvs Pharmacy 10</pharmacyName>
                <ncpdpId>Jame</ncpdpId>
                <npi>Martin</npi>
                <storeId>m</storeId>
                <address></address>
                <city></city>
                <state></state>
                <zipCode> </zipCode>
                 <phoneNumber>m</phoneNumber>
                <distance></distance>
                <directions></directions>
                <mapURL></mapURL>
                <latitude> </latitude>
                <longitude></longitude>
                <preferred></preferred>
                <mChoice> </mChoice>
                <nintyDayRetail></nintyDayRetail>
                <mandatoryRetail90DaySupply></mandatoryRetail90DaySupply>
               <vaccineNetwork> </vaccineNetwork>
            </pharmacy>
            <pharmacy>
               <pharmacyName>12cvs Pharmacy 11</pharmacyName>
                <ncpdpId>Jame</ncpdpId>
                <npi>Martin</npi>
                <storeId>m</storeId>
                <address></address>
                <city></city>
                <state></state>
                <zipCode> </zipCode>
                 <phoneNumber>m</phoneNumber>
                <distance></distance>
                <directions></directions>
                <mapURL></mapURL>
                <latitude> </latitude>
                <longitude></longitude>
                <preferred></preferred>
                <mChoice> </mChoice>
                <nintyDayRetail></nintyDayRetail>
                <mandatoryRetail90DaySupply></mandatoryRetail90DaySupply>
               <vaccineNetwork> </vaccineNetwork>
            </pharmacy>
            <pharmacy>
               <pharmacyName>cvs Pharmacy 12</pharmacyName>
                <ncpdpId>Jame</ncpdpId>
                <npi>Martin</npi>
                <storeId>m</storeId>
                <address></address>
                <city></city>
                <state></state>
                <zipCode> </zipCode>
                 <phoneNumber>m</phoneNumber>
                <distance></distance>
                <directions></directions>
                <mapURL></mapURL>
                <latitude> </latitude>
                <longitude></longitude>
                <preferred></preferred>
                <mChoice> </mChoice>
                <nintyDayRetail></nintyDayRetail>
                <mandatoryRetail90DaySupply></mandatoryRetail90DaySupply>
               <vaccineNetwork> </vaccineNetwork>
            </pharmacy>
            <pharmacy>
               <pharmacyName>cvs Pharmacy 13</pharmacyName>
                <ncpdpId>Jame</ncpdpId>
                <npi>Martin</npi>
                <storeId>m</storeId>
                <address></address>
                <city></city>
                <state></state>
                <zipCode> </zipCode>
                 <phoneNumber>m</phoneNumber>
                <distance></distance>
                <directions></directions>
                <mapURL></mapURL>
                <latitude> </latitude>
                <longitude></longitude>
                <preferred></preferred>
                <mChoice> </mChoice>
                <nintyDayRetail></nintyDayRetail>
                <mandatoryRetail90DaySupply></mandatoryRetail90DaySupply>
               <vaccineNetwork> </vaccineNetwork>
            </pharmacy>
            <pharmacy>
               <pharmacyName>cvs Pharmacy 14</pharmacyName>
                <ncpdpId>Jame</ncpdpId>
                <npi>Martin</npi>
                <storeId>m</storeId>
                <address></address>
                <city></city>
                <state></state>
                <zipCode> </zipCode>
                 <phoneNumber>m</phoneNumber>
                <distance></distance>
                <directions></directions>
                <mapURL></mapURL>
                <latitude> </latitude>
                <longitude></longitude>
                <preferred></preferred>
                <mChoice> </mChoice>
                <nintyDayRetail></nintyDayRetail>
                <mandatoryRetail90DaySupply></mandatoryRetail90DaySupply>
               <vaccineNetwork> </vaccineNetwork>
            </pharmacy>
            <pharmacy>
               <pharmacyName>cvs Pharmacy 15</pharmacyName>
                <ncpdpId>Jame</ncpdpId>
                <npi>Martin</npi>
                <storeId>m</storeId>
                <address></address>
                <city></city>
                <state></state>
                <zipCode> </zipCode>
                 <phoneNumber>m</phoneNumber>
                <distance></distance>
                <directions></directions>
                <mapURL></mapURL>
                <latitude> </latitude>
                <longitude></longitude>
                <preferred></preferred>
                <mChoice> </mChoice>
                <nintyDayRetail></nintyDayRetail>
                <mandatoryRetail90DaySupply></mandatoryRetail90DaySupply>
               <vaccineNetwork> </vaccineNetwork>
            </pharmacy>
            <pharmacy>
               <pharmacyName>cvs Pharmacy 16</pharmacyName>
                <ncpdpId>Jame</ncpdpId>
                <npi>Martin</npi>
                <storeId>m</storeId>
                <address></address>
                <city></city>
                <state></state>
                <zipCode> </zipCode>
                 <phoneNumber>m</phoneNumber>
                <distance></distance>
                <directions></directions>
                <mapURL></mapURL>
                <latitude> </latitude>
                <longitude></longitude>
                <preferred></preferred>
                <mChoice> </mChoice>
                <nintyDayRetail></nintyDayRetail>
                <mandatoryRetail90DaySupply></mandatoryRetail90DaySupply>
               <vaccineNetwork> </vaccineNetwork>
            </pharmacy>
    </pharmacyList>
</details>
</response>
