<response>
    <header>
        <statusCode>0000</statusCode>
        <statusDescription>SUCCESS</statusDescription>
        <refId>Id-0a277755b424000046290000b2757c3e</refId>
        <tokenID>C7300755B18632C6B1056339ED9DEF82</tokenID>
    </header>
    <detail>
        <detail>
            <personalizationContent>
                <personalizationContents>
                    <id>&lt;![CDATA[19427]]&gt;</id>
                    <personalizationId>19427</personalizationId>
                </personalizationContents>
                <personalizationContents>
                    <id>&lt;![CDATA[19427]]&gt;</id>
                    <personalizationId>19427</personalizationId>
                    <resourceTagId>40000033</resourceTagId>
                    <resourceVisibleIndicator>1</resourceVisibleIndicator>
                </personalizationContents>
                <personalizationContents>
                    <id>&lt;![CDATA[19427]]&gt;</id>
                    <personalizationId>19427</personalizationId>
                    <resourceTagId>6131</resourceTagId>
                    <resourceVisibleIndicator>1</resourceVisibleIndicator>
                </personalizationContents>
                <personalizationContents>
                    <id>&lt;![CDATA[19427]]&gt;</id>
                    <personalizationId>19427</personalizationId>
                    <resourceTagId>6132</resourceTagId>
                    <resourceVisibleIndicator>1</resourceVisibleIndicator>
                </personalizationContents>
                <personalizationContents>
                    <id>&lt;![CDATA[19427]]&gt;</id>
                    <personalizationId>19427</personalizationId>
                    <resourceTagId>6133</resourceTagId>
                    <resourceVisibleIndicator>1</resourceVisibleIndicator>
                </personalizationContents>
                <personalizationContents>
                    <id>&lt;![CDATA[19427]]&gt;</id>
                    <personalizationId>19427</personalizationId>
                    <resourceTagId>6134</resourceTagId>
                    <resourceVisibleIndicator>1</resourceVisibleIndicator>
                </personalizationContents>
                <personalizationContents>
                    <contentText>&lt;![CDATA[Current Cost]]&gt;</contentText>
                    <id>&lt;![CDATA[19427]]&gt;</id>
                    <personalizationId>19427</personalizationId>
                    <resourceContentId>703</resourceContentId>
                    <resourceTagAlternateText>&lt;![CDATA[COST_BREAKDOWN_SHOW_CURRENT_COST ]]&gt;</resourceTagAlternateText>
                    <resourceTagId>615</resourceTagId>
                    <resourceVisibleIndicator>1</resourceVisibleIndicator>
                </personalizationContents>
                <personalizationContents>
                    <contentText>&lt;![CDATA[Annual Cost]]&gt;</contentText>
                    <id>&lt;![CDATA[19427]]&gt;</id>
                    <personalizationId>19427</personalizationId>
                    <resourceContentId>704</resourceContentId>
                    <resourceTagAlternateText>&lt;![CDATA[COST_BREAKDOWN_SHOW_ANNUAL_COST ]]&gt;</resourceTagAlternateText>
                    <resourceTagId>616</resourceTagId>
                    <resourceVisibleIndicator>1</resourceVisibleIndicator>
                </personalizationContents>
                <personalizationContents>
                    <contentText>&lt;![CDATA[Primary]]&gt;</contentText>
                    <id>&lt;![CDATA[19427]]&gt;</id>
                    <personalizationId>19427</personalizationId>
                    <resourceContentId>705</resourceContentId>
                    <resourceTagAlternateText>&lt;![CDATA[COST_BREAKDOWN_SHOW_PRIMARY_PAY]]&gt;</resourceTagAlternateText>
                    <resourceTagId>617</resourceTagId>
                    <resourceVisibleIndicator>1</resourceVisibleIndicator>
                </personalizationContents>
                <personalizationContents>
                    <contentText>&lt;![CDATA[Secondary]]&gt;</contentText>
                    <id>&lt;![CDATA[19427]]&gt;</id>
                    <personalizationId>19427</personalizationId>
                    <resourceContentId>706</resourceContentId>
                    <resourceTagAlternateText>&lt;![CDATA[COST_BREAKDOWN_SHOW_SECONDARY_PAY]]&gt;</resourceTagAlternateText>
                    <resourceTagId>618</resourceTagId>
                    <resourceVisibleIndicator>1</resourceVisibleIndicator>
                </personalizationContents>
            </personalizationContent>
        </detail>
    </detail>
</response>