<response>
    <header>
        <statusCode>0000</statusCode>
        <statusDesc>SUCCESS</statusDesc>
        <refId>Id-734b77553e92000053290000ac81fad0</refId>
    </header>
    <detail>
        <tadResponse>
            <execMetrics>
                <serviceType>Web Service</serviceType>
                <serviceName>getDrugIndications</serviceName>
                <serviceVersion>1_0</serviceVersion>
                <auditId>d9febe490a5d442b494a41ae3e3aa8ab</auditId>
                <timeIn>2015-06-09T15:24:20.066-05:00</timeIn>
                <timeOut>2015-06-09T15:24:21.573-05:00</timeOut>
                <executionTime>1507</executionTime>
            </execMetrics>
            <errorInfo xmlns:xsi="http://www.w3.org/2001/XMLSchema-instance" xsi:nil="true" />
            <errorDetail xmlns:xsi="http://www.w3.org/2001/XMLSchema-instance" xsi:nil="true" />
            <referenceId>d9febe490a5d442b494a41ae3e3aa8ab</referenceId>
            <classificationId>10</classificationId>
            <drugIndications>
                <crossClass>true</crossClass>
                <phase xmlns:xsi="http://www.w3.org/2001/XMLSchema-instance" xsi:nil="true" />
                <default>true</default>
                <description>Depression</description>
                <indicationId>10</indicationId>
            </drugIndications>
            <drugIndications>
                <crossClass>true</crossClass>
                <phase xmlns:xsi="http://www.w3.org/2001/XMLSchema-instance" xsi:nil="true" />
                <default>true</default>
                <description>Blood Pressure</description>
                <indicationId>11</indicationId>
            </drugIndications>
        </tadResponse>
    </detail>
</response>
