<response>
    <header>
        <statusCode>0000</statusCode>
        <statusDesc>SUCCESS</statusDesc>
        <refId>Id-c00279555e080000f3290000adc771d8</refId>
    </header>
    <detail>
        <tadResponse><errorInfo xmlns:xsi="http://www.w3.org/2001/XMLSchema-instance" xsi:nil="true"/><errorDetail xmlns:xsi="http://www.w3.org/2001/XMLSchema-instance" xsi:nil="true"/><originalDrugClassificationId>2</originalDrugClassificationId><originalDrugRx>false</originalDrugRx><originalDrugBrandName>true</originalDrugBrandName><requestFrequency>1</requestFrequency><originalDrugNdcId>71015623</originalDrugNdcId><originalDrugSigId>2</originalDrugSigId><drugClassifications><classificationId>2</classificationId><description>Cholesterol Lowering Drugs (Statins)</description><drugAlternatives><doseForm>Tablet</doseForm><productName>Atorvastatin</productName><sigId>2</sigId><doseStrengthUnitId>9</doseStrengthUnitId><description>Atorvastatin Calcium 20mg Tablet</description><route>Oral</route><rx>true</rx><frequencyLow>1</frequencyLow><doseLow>20.0</doseLow><ndcId>378395177</ndcId><brandName>false</brandName><trueManufacture>true</trueManufacture><metricQuantity>1.0</metricQuantity><equipotencyUsed>true</equipotencyUsed><claimCount>1645813</claimCount><doseStrength>20.0</doseStrength><drugName>Atorvastatin</drugName><sigDoseUnitId>9</sigDoseUnitId><frequencyUnitCode>4</frequencyUnitCode><doseFormId>500</doseFormId><frequencyHigh>-1</frequencyHigh><altCPNUM>672</altCPNUM></drugAlternatives><drugAlternatives><doseForm>Tablet</doseForm><productName>Simvastatin</productName><sigId>237</sigId><doseStrengthUnitId>9</doseStrengthUnitId><description>Simvastatin 40mg Tablet</description><route>Oral</route><rx>true</rx><frequencyLow>1</frequencyLow><doseLow>40.0</doseLow><ndcId>55111020090</ndcId><brandName>false</brandName><trueManufacture>true</trueManufacture><metricQuantity>1.0</metricQuantity><equipotencyUsed>true</equipotencyUsed><claimCount>396266</claimCount><doseStrength>40.0</doseStrength><drugName>Simvastatin</drugName><sigDoseUnitId>9</sigDoseUnitId><frequencyUnitCode>4</frequencyUnitCode><doseFormId>500</doseFormId><frequencyHigh>-1</frequencyHigh><altCPNUM>565</altCPNUM></drugAlternatives><drugAlternatives><doseForm>Tablet</doseForm><productName>Pravastatin</productName><sigId>207</sigId><doseStrengthUnitId>9</doseStrengthUnitId><description>Pravastatin Sodium 80mg Tablet</description><route>Oral</route><rx>true</rx><frequencyLow>1</frequencyLow><doseLow>80.0</doseLow><ndcId>93727098</ndcId><brandName>false</brandName><trueManufacture>true</trueManufacture><metricQuantity>1.0</metricQuantity><equipotencyUsed>true</equipotencyUsed><claimCount>358494</claimCount><doseStrength>80.0</doseStrength><drugName>Pravastatin</drugName><sigDoseUnitId>9</sigDoseUnitId><frequencyUnitCode>4</frequencyUnitCode><doseFormId>500</doseFormId><frequencyHigh>-1</frequencyHigh><altCPNUM>501</altCPNUM></drugAlternatives><drugAlternatives><doseForm>Tablet</doseForm><productName>Crestor</productName><sigId>231</sigId><doseStrengthUnitId>9</doseStrengthUnitId><description>Rosuvastatin Calcium 10mg Tablet</description><route>Oral</route><rx>true</rx><frequencyLow>1</frequencyLow><doseLow>10.0</doseLow><ndcId>310075190</ndcId><brandName>true</brandName><trueManufacture>true</trueManufacture><metricQuantity>1.0</metricQuantity><equipotencyUsed>true</equipotencyUsed><claimCount>2259089</claimCount><doseStrength>10.0</doseStrength><drugName>Crestor</drugName><sigDoseUnitId>9</sigDoseUnitId><frequencyUnitCode>4</frequencyUnitCode><doseFormId>500</doseFormId><frequencyHigh>-1</frequencyHigh><altCPNUM>2673</altCPNUM></drugAlternatives><drugAlternatives><doseForm>Tablet</doseForm><productName>Livalo</productName><sigId>1141</sigId><doseStrengthUnitId>9</doseStrengthUnitId><description>Pitavastin 4mg Tablet</description><route>Oral</route><rx>true</rx><frequencyLow>1</frequencyLow><doseLow>4.0</doseLow><ndcId>66869040490</ndcId><brandName>true</brandName><trueManufacture>true</trueManufacture><metricQuantity>1.0</metricQuantity><equipotencyUsed>true</equipotencyUsed><claimCount>64697</claimCount><doseStrength>4.0</doseStrength><drugName>Livalo</drugName><sigDoseUnitId>9</sigDoseUnitId><frequencyUnitCode>4</frequencyUnitCode><doseFormId>500</doseFormId><frequencyHigh>-1</frequencyHigh><altCPNUM>2671</altCPNUM></drugAlternatives><drugAlternatives><doseForm>Tablet</doseForm><productName>Pravachol</productName><sigId>207</sigId><doseStrengthUnitId>9</doseStrengthUnitId><description>Pravastatin Sodium 80mg Tablet</description><route>Oral</route><rx>true</rx><frequencyLow>1</frequencyLow><doseLow>80.0</doseLow><ndcId>3519510</ndcId><brandName>true</brandName><trueManufacture>true</trueManufacture><metricQuantity>1.0</metricQuantity><equipotencyUsed>true</equipotencyUsed><claimCount>2397</claimCount><doseStrength>80.0</doseStrength><drugName>Pravachol</drugName><sigDoseUnitId>9</sigDoseUnitId><frequencyUnitCode>4</frequencyUnitCode><doseFormId>500</doseFormId><frequencyHigh>-1</frequencyHigh><altCPNUM>501</altCPNUM></drugAlternatives><drugAlternatives><doseForm>Tablet</doseForm><productName>Zocor</productName><sigId>237</sigId><doseStrengthUnitId>9</doseStrengthUnitId><description>Simvastatin 40mg Tablet</description><route>Oral</route><rx>true</rx><frequencyLow>1</frequencyLow><doseLow>40.0</doseLow><ndcId>6074954</ndcId><brandName>true</brandName><trueManufacture>true</trueManufacture><metricQuantity>1.0</metricQuantity><equipotencyUsed>true</equipotencyUsed><claimCount>2225</claimCount><doseStrength>40.0</doseStrength><drugName>Zocor</drugName><sigDoseUnitId>9</sigDoseUnitId><frequencyUnitCode>4</frequencyUnitCode><doseFormId>500</doseFormId><frequencyHigh>-1</frequencyHigh><altCPNUM>565</altCPNUM></drugAlternatives></drugClassifications></tadResponse>
    </detail>
</response>
<!--
<response>
    <header>
        <statusCode>0000</statusCode>
        <statusDesc>SUCCESS</statusDesc>
        <refId>Id-4e5f7755bace00005d290000f4c46640</refId>
    </header>
    <detail>
        <tadResponse>
            <errorInfo xmlns:xsi="http://www.w3.org/2001/XMLSchema-instance" xsi:nil="true" />
            <errorDetail xmlns:xsi="http://www.w3.org/2001/XMLSchema-instance" xsi:nil="true" />
            <originalDrugClassificationId>10</originalDrugClassificationId>
            <originalDrugRx>false</originalDrugRx>
            <originalDrugBrandName>true</originalDrugBrandName>
            <requestFrequency>1</requestFrequency>
            <originalDrugNdcId>777310402</originalDrugNdcId>
            <originalDrugSigId>438</originalDrugSigId>
            <drugClassifications>
                <classificationId>10</classificationId>
                <description>Selective Serotonin Reuptake Inhibitor Antidepressants, SSRIs</description>
                <drugAlternatives>
                    <doseForm>Tablet</doseForm>
                    <productName>Zoloft</productName>
                    <sigId>466</sigId>
                    <doseStrengthUnitId>9</doseStrengthUnitId>
                    <description>Sertraline Hydrochloride 25mg Tablet</description>
                    <route>Oral</route>
                    <rx>true</rx>
                    <frequencyLow>1</frequencyLow>
                    <doseLow>25.0</doseLow>
                    <ndcId>49496030</ndcId>
                    <brandName>true</brandName>
                    <trueManufacture>true</trueManufacture>
                    <metricQuantity>1.0</metricQuantity>
                    <equipotencyUsed>true</equipotencyUsed>
                    <claimCount>5056</claimCount>
                    <doseStrength>25.0</doseStrength>
                    <drugName>Zoloft</drugName>
                    <sigDoseUnitId>9</sigDoseUnitId>
                    <frequencyUnitCode>4</frequencyUnitCode>
                    <doseFormId>500</doseFormId>
                    <frequencyHigh>-1</frequencyHigh>
                    <altCPNUM>562</altCPNUM>
                </drugAlternatives>
                <drugAlternatives>
                    <doseForm>Tablet</doseForm>
                    <productName>Paxil</productName>
                    <sigId>452</sigId>
                    <doseStrengthUnitId>9</doseStrengthUnitId>
                    <description>Paroxetine Hydrochloride 10mg Tablet</description>
                    <route>Oral</route>
                    <rx>true</rx>
                    <frequencyLow>1</frequencyLow>
                    <doseLow>10.0</doseLow>
                    <ndcId>60505366303</ndcId>
                    <brandName>true</brandName>
                    <trueManufacture>true</trueManufacture>
                    <metricQuantity>1.0</metricQuantity>
                    <equipotencyUsed>true</equipotencyUsed>
                    <claimCount>1930</claimCount>
                    <doseStrength>10.0</doseStrength>
                    <drugName>Paxil</drugName>
                    <sigDoseUnitId>9</sigDoseUnitId>
                    <frequencyUnitCode>4</frequencyUnitCode>
                    <doseFormId>500</doseFormId>
                    <frequencyHigh>-1</frequencyHigh>
                    <altCPNUM>467</altCPNUM>
                </drugAlternatives>
                <drugAlternatives>
                    <doseForm>Tablet</doseForm>
                    <productName>Pexeva</productName>
                    <sigId>460</sigId>
                    <doseStrengthUnitId>9</doseStrengthUnitId>
                    <description>Paroxetine Mesylate 10mg Tablet</description>
                    <route>Oral</route>
                    <rx>true</rx>
                    <frequencyLow>1</frequencyLow>
                    <doseLow>10.0</doseLow>
                    <ndcId>68968201001</ndcId>
                    <brandName>true</brandName>
                    <trueManufacture>true</trueManufacture>
                    <metricQuantity>1.0</metricQuantity>
                    <equipotencyUsed>true</equipotencyUsed>
                    <claimCount>533</claimCount>
                    <doseStrength>10.0</doseStrength>
                    <drugName>Pexeva</drugName>
                    <sigDoseUnitId>9</sigDoseUnitId>
                    <frequencyUnitCode>4</frequencyUnitCode>
                    <doseFormId>500</doseFormId>
                    <frequencyHigh>-1</frequencyHigh>
                    <altCPNUM>467</altCPNUM>
                </drugAlternatives>
            </drugClassifications>
            <drugClassifications>
                <classificationId>14</classificationId>
                <description>Serotonin Norepinephrine Reuptake Inhibitors, SNRIs</description>
                <drugAlternatives>
                    <doseForm>Tablet, Wax Matrix</doseForm>
                    <productName>Duloxetine</productName>
                    <sigId>1159</sigId>
                    <doseStrengthUnitId>9</doseStrengthUnitId>
                    <description>Duloxetine 60mg Delayed Release Capsule</description>
                    <route>Oral</route>
                    <rx>true</rx>
                    <frequencyLow>1</frequencyLow>
                    <doseLow>60.0</doseLow>
                    <ndcId>68180029609</ndcId>
                    <brandName>false</brandName>
                    <trueManufacture>true</trueManufacture>
                    <metricQuantity>1.0</metricQuantity>
                    <equipotencyUsed>false</equipotencyUsed>
                    <claimCount>109055</claimCount>
                    <doseStrength>60.0</doseStrength>
                    <drugName>Duloxetine</drugName>
                    <sigDoseUnitId>9</sigDoseUnitId>
                    <frequencyUnitCode>4</frequencyUnitCode>
                    <doseFormId>963</doseFormId>
                    <frequencyHigh>1</frequencyHigh>
                    <altCPNUM>2650</altCPNUM>
                </drugAlternatives>
                <drugAlternatives>
                    <doseForm>Tablet, Extended Release</doseForm>
                    <productName>Venlafaxine</productName>
                    <sigId>844</sigId>
                    <doseStrengthUnitId>9</doseStrengthUnitId>
                    <description>Venlafaxine Hydrochloride 75mg Extended Release Tablet</description>
                    <route>Oral</route>
                    <rx>true</rx>
                    <frequencyLow>1</frequencyLow>
                    <doseLow>75.0</doseLow>
                    <ndcId>131326646</ndcId>
                    <brandName>false</brandName>
                    <trueManufacture>true</trueManufacture>
                    <metricQuantity>1.0</metricQuantity>
                    <equipotencyUsed>false</equipotencyUsed>
                    <claimCount>7251</claimCount>
                    <doseStrength>75.0</doseStrength>
                    <drugName>Venlafaxine</drugName>
                    <sigDoseUnitId>9</sigDoseUnitId>
                    <frequencyUnitCode>4</frequencyUnitCode>
                    <doseFormId>510</doseFormId>
                    <frequencyHigh>1</frequencyHigh>
                    <altCPNUM>642</altCPNUM>
                </drugAlternatives>
                <drugAlternatives>
                    <doseForm>Tablet, Wax Matrix</doseForm>
                    <productName>Cymbalta</productName>
                    <sigId>1159</sigId>
                    <doseStrengthUnitId>9</doseStrengthUnitId>
                    <description>Duloxetine 60mg Delayed Release Capsule</description>
                    <route>Oral</route>
                    <rx>true</rx>
                    <frequencyLow>1</frequencyLow>
                    <doseLow>60.0</doseLow>
                    <ndcId>2327030</ndcId>
                    <brandName>true</brandName>
                    <trueManufacture>true</trueManufacture>
                    <metricQuantity>1.0</metricQuantity>
                    <equipotencyUsed>false</equipotencyUsed>
                    <claimCount>356736</claimCount>
                    <doseStrength>60.0</doseStrength>
                    <drugName>Cymbalta</drugName>
                    <sigDoseUnitId>9</sigDoseUnitId>
                    <frequencyUnitCode>4</frequencyUnitCode>
                    <doseFormId>963</doseFormId>
                    <frequencyHigh>1</frequencyHigh>
                    <altCPNUM>2650</altCPNUM>
                </drugAlternatives>
                <drugAlternatives>
                    <doseForm>Tablet, Extended Release</doseForm>
                    <productName>Pristiq</productName>
                    <sigId>978</sigId>
                    <doseStrengthUnitId>9</doseStrengthUnitId>
                    <description>Desvenlafaxine Succinate 50mg Extended Release Tablet</description>
                    <route>Oral</route>
                    <rx>true</rx>
                    <frequencyLow>1</frequencyLow>
                    <doseLow>50.0</doseLow>
                    <ndcId>8121130</ndcId>
                    <brandName>true</brandName>
                    <trueManufacture>true</trueManufacture>
                    <metricQuantity>1.0</metricQuantity>
                    <equipotencyUsed>false</equipotencyUsed>
                    <claimCount>327329</claimCount>
                    <doseStrength>50.0</doseStrength>
                    <drugName>Pristiq</drugName>
                    <sigDoseUnitId>9</sigDoseUnitId>
                    <frequencyUnitCode>4</frequencyUnitCode>
                    <doseFormId>510</doseFormId>
                    <frequencyHigh>1</frequencyHigh>
                    <altCPNUM>3538</altCPNUM>
                </drugAlternatives>
                <drugAlternatives>
                    <doseForm>Capsule, Extended Release</doseForm>
                    <productName>FETZIMA</productName>
                    <sigId>1239</sigId>
                    <doseStrengthUnitId>31</doseStrengthUnitId>
                    <description>Levomilnacipran 40mg Extended Release Capsule</description>
                    <route>Oral</route>
                    <rx>true</rx>
                    <frequencyLow>1</frequencyLow>
                    <doseLow>40.0</doseLow>
                    <ndcId>456224030</ndcId>
                    <brandName>true</brandName>
                    <trueManufacture>true</trueManufacture>
                    <metricQuantity>1.0</metricQuantity>
                    <equipotencyUsed>false</equipotencyUsed>
                    <claimCount>45641</claimCount>
                    <doseStrength>40.0</doseStrength>
                    <drugName>FETZIMA</drugName>
                    <sigDoseUnitId>9</sigDoseUnitId>
                    <frequencyUnitCode>4</frequencyUnitCode>
                    <doseFormId>610</doseFormId>
                    <frequencyHigh>1</frequencyHigh>
                    <altCPNUM>3821</altCPNUM>
                </drugAlternatives>
                <drugAlternatives>
                    <doseForm>Capsule, Extended Release</doseForm>
                    <productName>Effexor XR</productName>
                    <sigId>482</sigId>
                    <doseStrengthUnitId>31</doseStrengthUnitId>
                    <description>Venlafaxine Hydrochloride 75mg Extended Release Capsule</description>
                    <route>Oral</route>
                    <rx>true</rx>
                    <frequencyLow>1</frequencyLow>
                    <doseLow>75.0</doseLow>
                    <ndcId>8083322</ndcId>
                    <brandName>true</brandName>
                    <trueManufacture>true</trueManufacture>
                    <metricQuantity>1.0</metricQuantity>
                    <equipotencyUsed>false</equipotencyUsed>
                    <claimCount>22804</claimCount>
                    <doseStrength>75.0</doseStrength>
                    <drugName>Effexor XR</drugName>
                    <sigDoseUnitId>9</sigDoseUnitId>
                    <frequencyUnitCode>4</frequencyUnitCode>
                    <doseFormId>610</doseFormId>
                    <frequencyHigh>1</frequencyHigh>
                    <altCPNUM>642</altCPNUM>
                </drugAlternatives>
            </drugClassifications>
            <drugClassifications>
                <classificationId>53</classificationId>
                <description>Bupropion Antidepressants</description>
                <drugAlternatives>
                    <doseForm>Tablet, Extended Release</doseForm>
                    <productName>Bupropion XL</productName>
                    <sigId>776</sigId>
                    <doseStrengthUnitId>9</doseStrengthUnitId>
                    <description>Bupropion Hydrochloride 150mg Extended Release Tablet 24 Hour</description>
                    <route>Oral</route>
                    <rx>true</rx>
                    <frequencyLow>1</frequencyLow>
                    <doseLow>150.0</doseLow>
                    <ndcId>10370010150</ndcId>
                    <brandName>false</brandName>
                    <trueManufacture>true</trueManufacture>
                    <metricQuantity>1.0</metricQuantity>
                    <equipotencyUsed>false</equipotencyUsed>
                    <claimCount>857941</claimCount>
                    <doseStrength>150.0</doseStrength>
                    <drugName>Bupropion XL</drugName>
                    <sigDoseUnitId>9</sigDoseUnitId>
                    <frequencyUnitCode>4</frequencyUnitCode>
                    <doseFormId>510</doseFormId>
                    <frequencyHigh>1</frequencyHigh>
                    <altCPNUM>76</altCPNUM>
                </drugAlternatives>
                <drugAlternatives>
                    <doseForm>Tablet, Extended Release</doseForm>
                    <productName>Bupropion</productName>
                    <sigId>774</sigId>
                    <doseStrengthUnitId>9</doseStrengthUnitId>
                    <description>Bupropion Hydrochloride 150mg Extended Release Tablet 12 Hour</description>
                    <route>Oral</route>
                    <rx>true</rx>
                    <frequencyLow>1</frequencyLow>
                    <doseLow>150.0</doseLow>
                    <ndcId>378341201</ndcId>
                    <brandName>false</brandName>
                    <trueManufacture>true</trueManufacture>
                    <metricQuantity>1.0</metricQuantity>
                    <equipotencyUsed>false</equipotencyUsed>
                    <claimCount>497322</claimCount>
                    <doseStrength>150.0</doseStrength>
                    <drugName>Bupropion</drugName>
                    <sigDoseUnitId>9</sigDoseUnitId>
                    <frequencyUnitCode>4</frequencyUnitCode>
                    <doseFormId>510</doseFormId>
                    <frequencyHigh>1</frequencyHigh>
                    <altCPNUM>76</altCPNUM>
                </drugAlternatives>
                <drugAlternatives>
                    <doseForm>Tablet, Extended Release</doseForm>
                    <productName>Wellbutrin SR</productName>
                    <sigId>774</sigId>
                    <doseStrengthUnitId>9</doseStrengthUnitId>
                    <description>Bupropion Hydrochloride 150mg Extended Release Tablet 12 Hour</description>
                    <route>Oral</route>
                    <rx>true</rx>
                    <frequencyLow>1</frequencyLow>
                    <doseLow>150.0</doseLow>
                    <ndcId>173013555</ndcId>
                    <brandName>true</brandName>
                    <trueManufacture>true</trueManufacture>
                    <metricQuantity>1.0</metricQuantity>
                    <equipotencyUsed>false</equipotencyUsed>
                    <claimCount>12591</claimCount>
                    <doseStrength>150.0</doseStrength>
                    <drugName>Wellbutrin SR</drugName>
                    <sigDoseUnitId>9</sigDoseUnitId>
                    <frequencyUnitCode>4</frequencyUnitCode>
                    <doseFormId>510</doseFormId>
                    <frequencyHigh>1</frequencyHigh>
                    <altCPNUM>76</altCPNUM>
                </drugAlternatives>
                <drugAlternatives>
                    <doseForm>Tablet, Extended Release</doseForm>
                    <productName>Wellbutrin XL Extended-Release Tablet</productName>
                    <sigId>776</sigId>
                    <doseStrengthUnitId>9</doseStrengthUnitId>
                    <description>Bupropion Hydrochloride 150mg Extended Release Tablet 24 Hour</description>
                    <route>Oral</route>
                    <rx>true</rx>
                    <frequencyLow>1</frequencyLow>
                    <doseLow>150.0</doseLow>
                    <ndcId>187073090</ndcId>
                    <brandName>true</brandName>
                    <trueManufacture>true</trueManufacture>
                    <metricQuantity>1.0</metricQuantity>
                    <equipotencyUsed>false</equipotencyUsed>
                    <claimCount>6016</claimCount>
                    <doseStrength>150.0</doseStrength>
                    <drugName>Wellbutrin XL Extended-Release Tablet</drugName>
                    <sigDoseUnitId>9</sigDoseUnitId>
                    <frequencyUnitCode>4</frequencyUnitCode>
                    <doseFormId>510</doseFormId>
                    <frequencyHigh>1</frequencyHigh>
                    <altCPNUM>76</altCPNUM>
                </drugAlternatives>
            </drugClassifications>
        </tadResponse>
    </detail>
</response>
-->
