<response>
    <header>
        <refId>Id-71529f55db350100b7490000503a30d2</refId>
        <operationName>getDrugAlternative</operationName>
        <statusCode>0000</statusCode>
        <statusDesc>SUCCESS</statusDesc>
    </header>
    <detail>
        <tadResponse>
            <errorInfo
                    xmlns:xsi="http://www.w3.org/2001/XMLSchema-instance" xsi:nil="true"/>
            <errorDetail
                    xmlns:xsi="http://www.w3.org/2001/XMLSchema-instance" xsi:nil="true"/>
            <originalDrugClassificationId>10</originalDrugClassificationId>
            <originalDrugRx>false</originalDrugRx>
            <originalDrugBrandName>true</originalDrugBrandName>
            <requestFrequency>1</requestFrequency>
            <originalDrugNdcId>777310402</originalDrugNdcId>
            <originalDrugSigId>438</originalDrugSigId>
            <drugClassifications>
                <classificationId>10</classificationId>
                <description>Selective Serotonin Reuptake Inhibitor Antidepressants, SSRIs</description>
                <drugAlternatives>
                    <doseForm>Tablet</doseForm>
                    <productName>Sertraline</productName>
                    <sigId>466</sigId>
                    <doseStrengthUnitId>9</doseStrengthUnitId>
                    <description>Sertraline Hydrochloride 25mg Tablet</description>
                    <route>Oral</route>
                    <rx>true</rx>
                    <frequencyLow>1</frequencyLow>
                    <doseLow>25.0</doseLow>
                    <ndcId>68180035109</ndcId>
                    <brandName>false</brandName>
                    <trueManufacture>true</trueManufacture>
                    <metricQuantity>1.0</metricQuantity>
                    <equipotencyUsed>true</equipotencyUsed>
                    <claimCount>212805</claimCount>
                    <doseStrength>25.0</doseStrength>
                    <drugName>CRESTOR</drugName>
                    <sigDoseUnitId>9</sigDoseUnitId>
                    <frequencyUnitCode>4</frequencyUnitCode>
                    <doseFormId>500</doseFormId>
                    <frequencyHigh>-1</frequencyHigh>
                    <altCPNUM>562</altCPNUM>
                </drugAlternatives>
                <drugAlternatives>
                    <doseForm>Tablet</doseForm>
                    <productName>Fluoxetine</productName>
                    <sigId>439</sigId>
                    <doseStrengthUnitId>9</doseStrengthUnitId>
                    <description>Fluoxetine Hydrochloride 10mg Tablet</description>
                    <route>Oral</route>
                    <rx>true</rx>
                    <frequencyLow>1</frequencyLow>
                    <doseLow>10.0</doseLow>
                    <ndcId>378073401</ndcId>
                    <brandName>false</brandName>
                    <trueManufacture>true</trueManufacture>
                    <metricQuantity>1.0</metricQuantity>
                    <equipotencyUsed>true</equipotencyUsed>
                    <claimCount>71769</claimCount>
                    <doseStrength>10.0</doseStrength>
                    <drugName>LESCOL</drugName>
                    <sigDoseUnitId>9</sigDoseUnitId>
                    <frequencyUnitCode>4</frequencyUnitCode>
                    <doseFormId>500</doseFormId>
                    <frequencyHigh>-1</frequencyHigh>
                    <altCPNUM>259</altCPNUM>
                </drugAlternatives>
                <drugAlternatives>
                    <doseForm>Tablet</doseForm>
                    <productName>Zoloft</productName>
                    <sigId>466</sigId>
                    <doseStrengthUnitId>9</doseStrengthUnitId>
                    <description>Sertraline Hydrochloride 25mg Tablet</description>
                    <route>Oral</route>
                    <rx>true</rx>
                    <frequencyLow>1</frequencyLow>
                    <doseLow>25.0</doseLow>
                    <ndcId>49496030</ndcId>
                    <brandName>true</brandName>
                    <trueManufacture>true</trueManufacture>
                    <metricQuantity>1.0</metricQuantity>
                    <equipotencyUsed>true</equipotencyUsed>
                    <claimCount>5293</claimCount>
                    <doseStrength>25.0</doseStrength>
                    <drugName>Zoloft</drugName>
                    <sigDoseUnitId>9</sigDoseUnitId>
                    <frequencyUnitCode>4</frequencyUnitCode>
                    <doseFormId>500</doseFormId>
                    <frequencyHigh>-1</frequencyHigh>
                    <altCPNUM>562</altCPNUM>
                </drugAlternatives>
                <drugAlternatives>
                    <doseForm>Tablet</doseForm>
                    <productName>Paxil</productName>
                    <sigId>452</sigId>
                    <doseStrengthUnitId>9</doseStrengthUnitId>
                    <description>Paroxetine Hydrochloride 10mg Tablet</description>
                    <route>Oral</route>
                    <rx>true</rx>
                    <frequencyLow>1</frequencyLow>
                    <doseLow>10.0</doseLow>
                    <ndcId>60505366303</ndcId>
                    <brandName>true</brandName>
                    <trueManufacture>true</trueManufacture>
                    <metricQuantity>1.0</metricQuantity>
                    <equipotencyUsed>true</equipotencyUsed>
                    <claimCount>2317</claimCount>
                    <doseStrength>10.0</doseStrength>
                    <drugName>Paxil</drugName>
                    <sigDoseUnitId>9</sigDoseUnitId>
                    <frequencyUnitCode>4</frequencyUnitCode>
                    <doseFormId>500</doseFormId>
                    <frequencyHigh>-1</frequencyHigh>
                    <altCPNUM>467</altCPNUM>
                </drugAlternatives>
            </drugClassifications>
            <drugClassifications>
                <classificationId>14</classificationId>
                <description>Serotonin Norepinephrine Reuptake Inhibitors, SNRIs</description>
                <drugAlternatives>
                    <doseForm>Tablet, Wax Matrix</doseForm>
                    <productName>Duloxetine</productName>
                    <sigId>1159</sigId>
                    <doseStrengthUnitId>9</doseStrengthUnitId>
                    <description>Duloxetine 60mg Delayed Release Capsule</description>
                    <route>Oral</route>
                    <rx>true</rx>
                    <frequencyLow>1</frequencyLow>
                    <doseLow>60.0</doseLow>
                    <ndcId>68180029609</ndcId>
                    <brandName>false</brandName>
                    <trueManufacture>true</trueManufacture>
                    <metricQuantity>1.0</metricQuantity>
                    <equipotencyUsed>false</equipotencyUsed>
                    <claimCount>120749</claimCount>
                    <doseStrength>60.0</doseStrength>
                    <drugName>Duloxetine</drugName>
                    <sigDoseUnitId>9</sigDoseUnitId>
                    <frequencyUnitCode>4</frequencyUnitCode>
                    <doseFormId>963</doseFormId>
                    <frequencyHigh>1</frequencyHigh>
                    <altCPNUM>2650</altCPNUM>
                </drugAlternatives>
                <drugAlternatives>
                    <doseForm>Tablet, Extended Release</doseForm>
                    <productName>Venlafaxine</productName>
                    <sigId>844</sigId>
                    <doseStrengthUnitId>9</doseStrengthUnitId>
                    <description>Venlafaxine Hydrochloride 75mg Extended Release Tablet</description>
                    <route>Oral</route>
                    <rx>true</rx>
                    <frequencyLow>1</frequencyLow>
                    <doseLow>75.0</doseLow>
                    <ndcId>131326646</ndcId>
                    <brandName>false</brandName>
                    <trueManufacture>true</trueManufacture>
                    <metricQuantity>1.0</metricQuantity>
                    <equipotencyUsed>false</equipotencyUsed>
                    <claimCount>7380</claimCount>
                    <doseStrength>75.0</doseStrength>
                    <drugName>Venlafaxine</drugName>
                    <sigDoseUnitId>9</sigDoseUnitId>
                    <frequencyUnitCode>4</frequencyUnitCode>
                    <doseFormId>510</doseFormId>
                    <frequencyHigh>1</frequencyHigh>
                    <altCPNUM>642</altCPNUM>
                </drugAlternatives>
                <drugAlternatives>
                    <doseForm>Tablet, Extended Release</doseForm>
                    <productName>Desvenlafaxine</productName>
                    <sigId>978</sigId>
                    <doseStrengthUnitId>9</doseStrengthUnitId>
                    <description>Desvenlafaxine Succinate 50mg Extended Release Tablet</description>
                    <route>Oral</route>
                    <rx>true</rx>
                    <frequencyLow>1</frequencyLow>
                    <doseLow>50.0</doseLow>
                    <ndcId>63304019130</ndcId>
                    <brandName>false</brandName>
                    <trueManufacture>true</trueManufacture>
                    <metricQuantity>1.0</metricQuantity>
                    <equipotencyUsed>false</equipotencyUsed>
                    <claimCount>4386</claimCount>
                    <doseStrength>50.0</doseStrength>
                    <drugName>Desvenlafaxine</drugName>
                    <sigDoseUnitId>9</sigDoseUnitId>
                    <frequencyUnitCode>4</frequencyUnitCode>
                    <doseFormId>510</doseFormId>
                    <frequencyHigh>1</frequencyHigh>
                    <altCPNUM>3538</altCPNUM>
                </drugAlternatives>
                <drugAlternatives>
                    <doseForm>Tablet, Extended Release</doseForm>
                    <productName>Pristiq</productName>
                    <sigId>978</sigId>
                    <doseStrengthUnitId>9</doseStrengthUnitId>
                    <description>Desvenlafaxine Succinate 50mg Extended Release Tablet</description>
                    <route>Oral</route>
                    <rx>true</rx>
                    <frequencyLow>1</frequencyLow>
                    <doseLow>50.0</doseLow>
                    <ndcId>8121130</ndcId>
                    <brandName>true</brandName>
                    <trueManufacture>true</trueManufacture>
                    <metricQuantity>1.0</metricQuantity>
                    <equipotencyUsed>false</equipotencyUsed>
                    <claimCount>338311</claimCount>
                    <doseStrength>50.0</doseStrength>
                    <drugName>Pristiq</drugName>
                    <sigDoseUnitId>9</sigDoseUnitId>
                    <frequencyUnitCode>4</frequencyUnitCode>
                    <doseFormId>510</doseFormId>
                    <frequencyHigh>1</frequencyHigh>
                    <altCPNUM>3538</altCPNUM>
                </drugAlternatives>
                <drugAlternatives>
                    <doseForm>Tablet, Wax Matrix</doseForm>
                    <productName>Cymbalta</productName>
                    <sigId>1159</sigId>
                    <doseStrengthUnitId>9</doseStrengthUnitId>
                    <description>Duloxetine 60mg Delayed Release Capsule</description>
                    <route>Oral</route>
                    <rx>true</rx>
                    <frequencyLow>1</frequencyLow>
                    <doseLow>60.0</doseLow>
                    <ndcId>2327030</ndcId>
                    <brandName>true</brandName>
                    <trueManufacture>true</trueManufacture>
                    <metricQuantity>1.0</metricQuantity>
                    <equipotencyUsed>false</equipotencyUsed>
                    <claimCount>317767</claimCount>
                    <doseStrength>60.0</doseStrength>
                    <drugName>Cymbalta</drugName>
                    <sigDoseUnitId>9</sigDoseUnitId>
                    <frequencyUnitCode>4</frequencyUnitCode>
                    <doseFormId>963</doseFormId>
                    <frequencyHigh>1</frequencyHigh>
                    <altCPNUM>2650</altCPNUM>
                </drugAlternatives>
                <drugAlternatives>
                    <doseForm>Capsule, Extended Release</doseForm>
                    <productName>FETZIMA</productName>
                    <sigId>1239</sigId>
                    <doseStrengthUnitId>31</doseStrengthUnitId>
                    <description>Levomilnacipran 40mg Extended Release Capsule</description>
                    <route>Oral</route>
                    <rx>true</rx>
                    <frequencyLow>1</frequencyLow>
                    <doseLow>40.0</doseLow>
                    <ndcId>456224030</ndcId>
                    <brandName>true</brandName>
                    <trueManufacture>true</trueManufacture>
                    <metricQuantity>1.0</metricQuantity>
                    <equipotencyUsed>false</equipotencyUsed>
                    <claimCount>47232</claimCount>
                    <doseStrength>40.0</doseStrength>
                    <drugName>FETZIMA</drugName>
                    <sigDoseUnitId>9</sigDoseUnitId>
                    <frequencyUnitCode>4</frequencyUnitCode>
                    <doseFormId>610</doseFormId>
                    <frequencyHigh>1</frequencyHigh>
                    <altCPNUM>3821</altCPNUM>
                </drugAlternatives>
                <drugAlternatives>
                    <doseForm>Capsule, Extended Release</doseForm>
                    <productName>Effexor XR</productName>
                    <sigId>482</sigId>
                    <doseStrengthUnitId>31</doseStrengthUnitId>
                    <description>Venlafaxine Hydrochloride 75mg Extended Release Capsule</description>
                    <route>Oral</route>
                    <rx>true</rx>
                    <frequencyLow>1</frequencyLow>
                    <doseLow>75.0</doseLow>
                    <ndcId>8083322</ndcId>
                    <brandName>true</brandName>
                    <trueManufacture>true</trueManufacture>
                    <metricQuantity>1.0</metricQuantity>
                    <equipotencyUsed>false</equipotencyUsed>
                    <claimCount>22399</claimCount>
                    <doseStrength>75.0</doseStrength>
                    <drugName>Effexor XR</drugName>
                    <sigDoseUnitId>9</sigDoseUnitId>
                    <frequencyUnitCode>4</frequencyUnitCode>
                    <doseFormId>610</doseFormId>
                    <frequencyHigh>1</frequencyHigh>
                    <altCPNUM>642</altCPNUM>
                </drugAlternatives>
            </drugClassifications>
            <drugClassifications>
                <classificationId>53</classificationId>
                <description>Bupropion Antidepressants</description>
                <drugAlternatives>
                    <doseForm>Tablet, Extended Release</doseForm>
                    <productName>Bupropion XL</productName>
                    <sigId>776</sigId>
                    <doseStrengthUnitId>9</doseStrengthUnitId>
                    <description>Bupropion Hydrochloride 150mg Extended Release Tablet 24 Hour</description>
                    <route>Oral</route>
                    <rx>true</rx>
                    <frequencyLow>1</frequencyLow>
                    <doseLow>150.0</doseLow>
                    <ndcId>10370010150</ndcId>
                    <brandName>false</brandName>
                    <trueManufacture>true</trueManufacture>
                    <metricQuantity>1.0</metricQuantity>
                    <equipotencyUsed>false</equipotencyUsed>
                    <claimCount>880636</claimCount>
                    <doseStrength>150.0</doseStrength>
                    <drugName>Bupropion XL</drugName>
                    <sigDoseUnitId>9</sigDoseUnitId>
                    <frequencyUnitCode>4</frequencyUnitCode>
                    <doseFormId>510</doseFormId>
                    <frequencyHigh>1</frequencyHigh>
                    <altCPNUM>76</altCPNUM>
                </drugAlternatives>
                <drugAlternatives>
                    <doseForm>Tablet, Extended Release</doseForm>
                    <productName>Bupropion</productName>
                    <sigId>774</sigId>
                    <doseStrengthUnitId>9</doseStrengthUnitId>
                    <description>Bupropion Hydrochloride 150mg Extended Release Tablet 12 Hour</description>
                    <route>Oral</route>
                    <rx>true</rx>
                    <frequencyLow>1</frequencyLow>
                    <doseLow>150.0</doseLow>
                    <ndcId>378341201</ndcId>
                    <brandName>false</brandName>
                    <trueManufacture>true</trueManufacture>
                    <metricQuantity>1.0</metricQuantity>
                    <equipotencyUsed>false</equipotencyUsed>
                    <claimCount>518232</claimCount>
                    <doseStrength>150.0</doseStrength>
                    <drugName>Bupropion</drugName>
                    <sigDoseUnitId>9</sigDoseUnitId>
                    <frequencyUnitCode>4</frequencyUnitCode>
                    <doseFormId>510</doseFormId>
                    <frequencyHigh>1</frequencyHigh>
                    <altCPNUM>76</altCPNUM>
                </drugAlternatives>
                <drugAlternatives>
                    <doseForm>Tablet, Extended Release</doseForm>
                    <productName>Wellbutrin SR</productName>
                    <sigId>774</sigId>
                    <doseStrengthUnitId>9</doseStrengthUnitId>
                    <description>Bupropion Hydrochloride 150mg Extended Release Tablet 12 Hour</description>
                    <route>Oral</route>
                    <rx>true</rx>
                    <frequencyLow>1</frequencyLow>
                    <doseLow>150.0</doseLow>
                    <ndcId>173013555</ndcId>
                    <brandName>true</brandName>
                    <trueManufacture>true</trueManufacture>
                    <metricQuantity>1.0</metricQuantity>
                    <equipotencyUsed>false</equipotencyUsed>
                    <claimCount>12364</claimCount>
                    <doseStrength>150.0</doseStrength>
                    <drugName>Wellbutrin SR</drugName>
                    <sigDoseUnitId>9</sigDoseUnitId>
                    <frequencyUnitCode>4</frequencyUnitCode>
                    <doseFormId>510</doseFormId>
                    <frequencyHigh>1</frequencyHigh>
                    <altCPNUM>76</altCPNUM>
                </drugAlternatives>
                <drugAlternatives>
                    <doseForm>Tablet, Extended Release</doseForm>
                    <productName>Wellbutrin XL Extended-Release Tablet</productName>
                    <sigId>776</sigId>
                    <doseStrengthUnitId>9</doseStrengthUnitId>
                    <description>Bupropion Hydrochloride 150mg Extended Release Tablet 24 Hour</description>
                    <route>Oral</route>
                    <rx>true</rx>
                    <frequencyLow>1</frequencyLow>
                    <doseLow>150.0</doseLow>
                    <ndcId>187073090</ndcId>
                    <brandName>true</brandName>
                    <trueManufacture>true</trueManufacture>
                    <metricQuantity>1.0</metricQuantity>
                    <equipotencyUsed>false</equipotencyUsed>
                    <claimCount>6360</claimCount>
                    <doseStrength>150.0</doseStrength>
                    <drugName>Wellbutrin XL Extended-Release Tablet</drugName>
                    <sigDoseUnitId>9</sigDoseUnitId>
                    <frequencyUnitCode>4</frequencyUnitCode>
                    <doseFormId>510</doseFormId>
                    <frequencyHigh>1</frequencyHigh>
                    <altCPNUM>76</altCPNUM>
                </drugAlternatives>
            </drugClassifications>
        </tadResponse>
    </detail>
</response>
